MAKE,MODEL,MYR,OL,OW,OH ,WB,CW ,A,B,C,D,E,F,G,TWF,TWR ,WDIST,YEAR,CATEGORY
CHEVROLET,1500 EXPRESS CARGO VAN SWB,3,569,202,207,343,2198,91,291,54,99,146,101,124,173,172,53/47,2011,van
CHEVROLET,1500 EXPRESS CARGO VAN SWB AWD,3,569,202,207,343,2367,91,291,54,99,146,101,124,173,172,53/47,2011,van
CHEVROLET,1500 EXPRESS PASSENGER VAN SWB,3,569,202,207,343,2358,91,291,54,99,146,101,124,173,172,53/47,2011,van
CHEVROLET,1500 EXPRESS PASSENGER VAN SWB AWD,3,569,202,207,343,2367,91,291,54,99,146,101,124,173,172,53/47,2011,van
CHEVROLET,2500 EXPRESS CARGO VAN LWB,3,620,202,208,394,2755,91,342,54,99,146,101,124,173,172,53/47,2011,van
CHEVROLET,2500 EXPRESS CARGO VAN SWB,3,569,202,207,343,2276,91,291,54,99,146,101,124,173,172,53/47,2011,van
CHEVROLET,2500 EXPRESS PASSENGER VAN LWB,3,620,202,208,394,2755,91,342,54,99,146,101,124,173,172,53/47,2011,van
CHEVROLET,2500 EXPRESS PASSENGER VAN SWB,3,569,202,207,343,2537,91,291,54,99,146,101,124,173,172,53/47,2011,van
CHEVROLET,3500 EXPRESS CARGO VAN LWB,3,620,202,208,394,2552,91,342,54,99,146,101,124,173,172,53/47,2011,van
CHEVROLET,3500 EXPRESS CARGO VAN SWB,3,569,202,207,343,2462,91,291,54,99,146,101,124,173,172,53/47,2011,van
CHEVROLET,3500 EXPRESS PASSENGER VAN LWB,3,620,202,208,394,2873,91,342,54,99,146,101,124,173,172,53/47,2011,van
CHEVROLET,3500 EXPRESS PASSENGER VAN SWB,3,569,202,207,343,2728,91,291,54,99,146,101,124,173,172,53/47,2011,van
CHRYSLER,TOWN & COUNTRY 4DR MINIVAN TOURING/TOURING-L/,8,514,200,172,308,2046,102,219,47,88,140,95,111,167,165,56/44,2011,van
DODGE,GRAND CARAVAN 4DR VAN CARGO VAN/EXPRESS/MAINS,8,514,200,172,308,2046,102,219,47,89,135,96,111,167,165,56/44,2011,van
DODGE,GRAND CARAVAN 4DR VAN FWD CANADA VALUE PKG/SE,8,514,200,172,308,1960,102,219,47,89,135,96,111,167,165,56/44,2011,van
FORD,E-150 ECONOLINE VAN,8,550,202,209,351,2107,99,276,56,96,165,87,112,178,170,58/42,2011,van
FORD,E-250 ECONOLINE VAN,8,550,202,216,351,2268,99,276,55,95,166,87,112,178,169,56/44,2011,van
FORD,E-250 ECONOLINE VAN EXTENDED,8,600,202,216,351,2328,99,326,55,95,166,87,162,178,169,53/47,2011,van
FORD,E-350 SD ECONOLINE VAN,8,550,202,212,351,2419,99,276,55,95,166,87,112,178,169,N/A,2011,van
FORD,E-350 SD ECONOLINE VAN EXTENDED,8,600,202,212,351,2484,99,326,55,95,166,87,162,178,169,N/A,2011,van
GMC,1500 SAVANA CARGO VAN SWB,3,569,202,207,343,2198,91,291,54,99,146,101,124,173,172,53/47,2011,van
GMC,1500 SAVANA CARGO VAN SWB AWD,3,569,202,207,343,2367,91,291,54,99,146,101,124,173,172,53/47,2011,van
GMC,1500 SAVANA PASSENGER VAN SWB,3,569,202,207,343,2358,91,291,54,99,146,101,124,173,172,53/47,2011,van
GMC,1500 SAVANA PASSENGER VAN SWB AWD,3,569,202,207,343,2367,91,291,54,99,146,101,124,173,172,53/47,2011,van
GMC,2500 SAVANA CARGO VAN LWB,3,620,202,208,394,2755,91,342,54,99,146,101,124,173,172,53/47,2011,van
GMC,2500 SAVANA CARGO VAN SWB,3,569,202,207,343,2276,91,291,54,99,146,101,124,173,172,53/47,2011,van
GMC,2500 SAVANA PASSENGER VAN LWB,3,620,202,208,394,2755,91,342,54,99,146,101,124,173,172,53/47,2011,van
GMC,2500 SAVANA PASSENGER VAN SWB,3,569,202,207,343,2537,91,291,54,99,146,101,124,173,172,53/47,2011,van
GMC,3500 SAVANA CARGO VAN LWB,3,620,202,208,394,2552,91,342,54,99,146,101,124,173,172,53/47,2011,van
GMC,3500 SAVANA CARGO VAN SWB,3,569,202,207,343,2462,91,291,54,99,146,101,124,173,172,53/47,2011,van
GMC,3500 SAVANA PASSENGER VAN LWB,3,620,202,208,394,2873,91,342,54,99,146,101,124,173,172,53/47,2011,van
GMC,3500 SAVANA PASSENGER VAN SWB,3,569,202,207,343,2728,91,291,54,99,146,101,124,173,172,53/47,2011,van
HONDA,ODYSSEY 4DR MINIVAN EX,11,515,201,174,300,2001,99,212,43,90,132,94,120,172,173,56/44,2011,van
HONDA,ODYSSEY 4DR MINIVAN EX-L/TOURING/TOURING ELIT,11,515,201,174,300,2041,99,212,43,90,132,94,120,172,173,56/44,2011,van
HONDA,ODYSSEY 4DR MINIVAN LX,11,515,201,174,300,1967,99,212,43,90,132,94,120,172,173,56/44,2011,van
KIA,SEDONA 5DR VAN FWD LX,6,513,199,176,302,2087,101,215,48,88,114,98,114,169,169,57/43,2011,van
KIA,SEDONA 5DR VAN FWD LX-CONVENIENCE/EX,6,513,199,183,302,2087,101,215,48,88,114,98,114,169,169,57/43,2011,van
MERCEDES-BENZ,SPRINTER 2500 CARGO VAN 144-IN WB HIGH ROOF,8,591,199,273,367,2410,79,341,60,118,164,100,124,172,174,N/A,2011,van
MERCEDES-BENZ,SPRINTER 2500 CARGO VAN 144-IN WB STANDARD ROOF,8,591,199,245,367,2380,79,341,60,118,164,100,124,172,174,N/A,2011,van
MERCEDES-BENZ,SPRINTER 2500 CARGO VAN 170-IN WB EXTRALONG HIGH ROOF,8,735,199,273,433,2650,79,485,60,118,164,100,201,172,174,N/A,2011,van
MERCEDES-BENZ,SPRINTER 2500 CARGO VAN 170-IN WB EXTRALONG SUPER HIGH ROOF,8,735,199,297,433,2685,79,485,60,118,164,100,201,172,174,N/A,2011,van
MERCEDES-BENZ,SPRINTER 2500 CARGO VAN 170-IN WB HIGH ROOF,8,694,199,273,433,2590,79,444,60,118,164,100,162,172,174,N/A,2011,van
MERCEDES-BENZ,SPRINTER 2500 CARGO VAN 170-IN WB SUPER HIGH ROOF,8,694,199,297,433,2625,79,444,60,118,164,100,162,172,174,N/A,2011,van
MERCEDES-BENZ,SPRINTER 2500 PASSENGER VAN 144-IN WB STANDARD ROOF,8,591,199,245,367,2685,79,341,60,118,164,100,124,172,174,N/A,2011,van
MERCEDES-BENZ,SPRINTER 2500 PASSENGER VAN 170-IN WB HIGH ROOF,8,694,199,273,433,2900,79,444,60,118,164,100,162,172,174,N/A,2011,van
MERCEDES-BENZ,SPRINTER 3500 CARGO VAN 144-IN WB HIGH ROOF,8,591,202,282,367,2640,79,341,60,118,164,100,124,172,174,N/A,2011,van
MERCEDES-BENZ,SPRINTER 3500 CARGO VAN 170-IN WB EXTRALONG HIGH ROOF,8,735,202,282,433,2880,79,485,60,118,164,100,201,172,174,N/A,2011,van
MERCEDES-BENZ,SPRINTER 3500 CARGO VAN 170-IN WB EXTRALONG SUPER HIGH ROOF,8,735,202,305,433,2920,79,485,60,118,164,100,201,172,174,N/A,2011,van
MERCEDES-BENZ,SPRINTER 3500 CARGO VAN 170-IN WB HIGH ROOF,8,694,202,282,433,2830,79,444,60,118,164,100,162,172,174,N/A,2011,van
MERCEDES-BENZ,SPRINTER 3500 CARGO VAN 170-IN WB SUPER HIGH ROOF,8,694,202,305,433,2870,79,444,60,118,164,100,162,172,174,N/A,2011,van
NISSAN,QUEST 4 DR MINIVAN S/SV,11,510,197,186,300,1987,99,217,44,96,137,94,116,173,173,55/45,2011,van
NISSAN,QUEST 4 DR MINIVAN SL/LE,11,510,197,186,300,2032,99,217,44,96,137,94,116,173,173,55/45,2011,van
TOYOTA,SIENNA BASE/LE FWD V6,10,508,198,180,303,1990,102,223,45,89,126,95,110,172,171,57/43,2011,van
TOYOTA,SIENNA LE AWD,10,508,198,181,303,2070,102,223,45,89,126,95,110,172,171,56/44,2011,van
TOYOTA,SIENNA LE FWD 4CYL,10,508,198,175,303,1900,102,223,45,89,126,95,110,172,171,56/44,2011,van
TOYOTA,SIENNA LIMITED AWD,10,508,198,181,303,2145,102,223,45,89,126,95,110,172,171,56/44,2011,van
TOYOTA,SIENNA SE/XLE FWD V6,10,508,198,180,303,2045,102,223,45,89,126,95,110,172,171,57/43,2011,van
VOLKSWAGEN,ROUTAN FWD MINIVAN TRENDLINE/COMFORTLINE/HIGH,9,514,195,175,308,2039,107,219,46,90,139,97,111,165,165,55/45,2011,van
CHEVROLET,1500 EXPRESS CARGO VAN SWB,03,569,202,207,343,2198,91,291,54,99,146,101,124,173,172,53/47,2012,van
CHEVROLET,1500 EXPRESS CARGO VAN SWB AWD,03,569,202,207,343,2367,91,291,54,99,146,101,124,173,172,53/47,2012,van
CHEVROLET,1500 EXPRESS PASSENGER VAN SWB,03,569,202,207,343,2358,91,291,54,99,146,101,124,173,172,53/47,2012,van
CHEVROLET,1500 EXPRESS PASSENGER VAN SWB AWD,03,569,202,207,343,2367,91,291,54,99,146,101,124,173,172,53/47,2012,van
CHEVROLET,2500 EXPRESS CARGO VAN LWB,03,620,202,208,394,2755,91,342,54,99,146,101,124,173,172,53/47,2012,van
CHEVROLET,2500 EXPRESS CARGO VAN SWB,03,569,202,207,343,2276,91,291,54,99,146,101,124,173,172,53/47,2012,van
CHEVROLET,2500 EXPRESS PASSENGER VAN LWB,03,620,202,208,394,2755,91,342,54,99,146,101,124,173,172,53/47,2012,van
CHEVROLET,2500 EXPRESS PASSENGER VAN SWB,03,569,202,207,343,2537,91,291,54,99,146,101,124,173,172,53/47,2012,van
CHEVROLET,3500 EXPRESS CARGO VAN LWB,03,620,202,208,394,2552,91,342,54,99,146,101,124,173,172,53/47,2012,van
CHEVROLET,3500 EXPRESS CARGO VAN SWB,03,569,202,207,343,2462,91,291,54,99,146,101,124,173,172,53/47,2012,van
CHEVROLET,3500 EXPRESS PASSENGER VAN LWB,03,620,202,208,394,2873,91,342,54,99,146,101,124,173,172,53/47,2012,van
CHEVROLET,3500 EXPRESS PASSENGER VAN SWB,03,569,202,207,343,2728,91,291,54,99,146,101,124,173,172,53/47,2012,van
CHEVROLET,ORLANDO 4DR MINIVAN LS/LT/LTZ,11,465,184,163,276,1596,111,178,38,90,121,96,93,158,159,49/51,2012,van
CHRYSLER,TOWN & COUNTRY 4DR MINIVAN TOURING/TOURING-L/,08,514,200,172,308,2115,102,219,47,88,140,95,111,167,165,56/44,2012,van
DODGE,GRAND CARAVAN 4DR VAN FWD CVP/SXT/CREW/CREW P,08,514,200,172,308,1960,102,219,47,89,135,96,111,167,165,56/44,2012,van
FORD,E-150 ECONOLINE VAN,08,550,202,209,351,2107,99,276,56,96,165,87,112,178,170,58/42,2012,van
FORD,E-250 ECONOLINE VAN,08,550,202,216,351,2268,99,276,55,95,166,87,112,178,169,56/44,2012,van
FORD,E-250 ECONOLINE VAN EXTENDED,08,600,202,216,351,2328,99,326,55,95,166,87,162,178,169,53/47,2012,van
FORD,E-350 SD ECONOLINE VAN,08,550,202,212,351,2419,99,276,55,95,166,87,112,178,169,N/A,2012,van
FORD,E-350 SD ECONOLINE VAN EXTENDED,08,600,202,212,351,2484,99,326,55,95,166,87,162,178,169,N/A,2012,van
GMC,1500 SAVANA CARGO VAN SWB,03,569,202,207,343,2198,91,291,54,99,146,101,124,173,172,53/47,2012,van
GMC,1500 SAVANA CARGO VAN SWB AWD,03,569,202,207,343,2367,91,291,54,99,146,101,124,173,172,53/47,2012,van
GMC,1500 SAVANA PASSENGER VAN SWB,03,569,202,207,343,2358,91,291,54,99,146,101,124,173,172,53/47,2012,van
GMC,1500 SAVANA PASSENGER VAN SWB AWD,03,569,202,207,343,2367,91,291,54,99,146,101,124,173,172,53/47,2012,van
GMC,2500 SAVANA CARGO VAN LWB,03,620,202,208,394,2755,91,342,54,99,146,101,124,173,172,53/47,2012,van
GMC,2500 SAVANA CARGO VAN SWB,03,569,202,207,343,2276,91,291,54,99,146,101,124,173,172,53/47,2012,van
GMC,2500 SAVANA PASSENGER VAN LWB,03,620,202,208,394,2755,91,342,54,99,146,101,124,173,172,53/47,2012,van
GMC,2500 SAVANA PASSENGER VAN SWB,03,569,202,207,343,2537,91,291,54,99,146,101,124,173,172,53/47,2012,van
GMC,3500 SAVANA CARGO VAN LWB,03,620,202,208,394,2552,91,342,54,99,146,101,124,173,172,53/47,2012,van
GMC,3500 SAVANA CARGO VAN SWB,03,569,202,207,343,2462,91,291,54,99,146,101,124,173,172,53/47,2012,van
GMC,3500 SAVANA PASSENGER VAN LWB,03,620,202,208,394,2873,91,342,54,99,146,101,124,173,172,53/47,2012,van
GMC,3500 SAVANA PASSENGER VAN SWB,03,569,202,207,343,2728,91,291,54,99,146,101,124,173,172,53/47,2012,van
HONDA,ODYSSEY 4DR MINIVAN EX,11,515,201,174,300,2003,99,212,43,90,132,94,120,172,173,56/44,2012,van
HONDA,ODYSSEY 4DR MINIVAN EX-L RES,11,515,201,174,300,2047,99,212,43,90,132,94,120,172,173,56/44,2012,van
HONDA,ODYSSEY 4DR MINIVAN LX,11,515,201,174,300,1969,99,212,43,90,132,94,120,172,173,56/44,2012,van
HONDA,ODYSSEY 4DR MINIVAN TOURING,11,515,201,174,300,2070,99,212,43,90,132,94,120,172,173,56/44,2012,van
KIA,SEDONA 5DR VAN FWD LX,06,513,199,176,302,2087,101,215,48,88,114,98,114,169,169,57/43,2012,van
KIA,SEDONA 5DR VAN FWD LX-CONVENIENCE/EX,06,513,199,183,302,2087,101,215,48,88,114,98,114,169,169,57/43,2012,van
MAZDA,5 4DR MINIVAN GS/GS CONVENIENCE/GT/GT LUXURY,11,459,175,162,275,1569,104,178,41,89,110,92,92,154,152,51/49,2012,van
MERCEDES-BENZ,SPRINTER 2500 CARGO VAN 144-IN WB HIGH ROOF,08,591,199,273,367,2410,79,341,60,118,164,100,124,172,174,N/A,2012,van
MERCEDES-BENZ,SPRINTER 2500 CARGO VAN 144-IN WB STANDARD ROOF,08,591,199,245,367,2380,79,341,60,118,164,100,124,172,174,N/A,2012,van
MERCEDES-BENZ,SPRINTER 2500 CARGO VAN 170-IN WB EXTRALONG HIGH ROOF,08,735,199,273,433,2650,79,485,60,118,164,100,201,172,174,N/A,2012,van
MERCEDES-BENZ,SPRINTER 2500 CARGO VAN 170-IN WB EXTRALONG SUPER HIGH ROOF,08,735,199,297,433,2685,79,485,60,118,164,100,201,172,174,N/A,2012,van
MERCEDES-BENZ,SPRINTER 2500 CARGO VAN 170-IN WB HIGH ROOF,08,694,199,273,433,2590,79,444,60,118,164,100,162,172,174,N/A,2012,van
MERCEDES-BENZ,SPRINTER 2500 CARGO VAN 170-IN WB SUPER HIGH ROOF,08,694,199,297,433,2625,79,444,60,118,164,100,162,172,174,N/A,2012,van
MERCEDES-BENZ,SPRINTER 2500 PASSENGER VAN 144-IN WB HIGH ROOF,08,591,199,273,367,2617,79,341,60,118,164,100,124,172,174,N/A,2012,van
MERCEDES-BENZ,SPRINTER 2500 PASSENGER VAN 144-IN WB STANDARD ROOF,08,591,199,245,367,2590,79,341,60,118,164,100,124,172,174,N/A,2012,van
MERCEDES-BENZ,SPRINTER 2500 PASSENGER VAN 170-IN WB HIGH ROOF,08,694,199,273,433,2795,79,444,60,118,164,100,162,172,174,N/A,2012,van
MERCEDES-BENZ,SPRINTER 3500 CARGO VAN 144-IN WB HIGH ROOF,08,591,202,282,367,2640,79,341,60,118,164,100,124,172,174,N/A,2012,van
MERCEDES-BENZ,SPRINTER 3500 CARGO VAN 170-IN WB EXTRALONG HIGH ROOF,08,735,202,282,433,2880,79,485,60,118,164,100,201,172,174,N/A,2012,van
MERCEDES-BENZ,SPRINTER 3500 CARGO VAN 170-IN WB EXTRALONG SUPER HIGH ROOF,08,735,202,305,433,2920,79,485,60,118,164,100,201,172,174,N/A,2012,van
MERCEDES-BENZ,SPRINTER 3500 CARGO VAN 170-IN WB HIGH ROOF,08,694,202,282,433,2830,79,444,60,118,164,100,162,172,174,N/A,2012,van
MERCEDES-BENZ,SPRINTER 3500 CARGO VAN 170-IN WB SUPER HIGH ROOF,08,694,202,305,433,2870,79,444,60,118,164,100,162,172,174,N/A,2012,van
NISSAN,QUEST 4 DR MINIVAN S/SV,11,510,197,186,300,1987,99,217,44,96,137,94,116,173,173,55/45,2012,van
NISSAN,QUEST 4 DR MINIVAN SL/LE,11,510,197,186,300,2043,99,217,44,96,137,94,116,173,173,55/45,2012,van
RAM TRUCKS,RAM CARGO VAN BASE,08,514,200,172,308,2050,102,219,47,89,135,96,111,167,165,56/44,2012,van
TOYOTA,SIENNA LE AWD,10,508,198,181,303,2045,102,223,45,89,126,95,110,172,171,56/44,2012,van
TOYOTA,SIENNA LE FWD 4CYL,10,508,198,175,303,1900,102,223,45,89,126,95,110,172,171,56/44,2012,van
TOYOTA,SIENNA V6/LE V6/SE V6 FWD,10,508,198,180,303,1940,102,223,45,89,126,95,110,172,171,57/43,2012,van
TOYOTA,SIENNA XLE AWD V6,10,508,198,181,303,2115,102,223,45,89,126,95,110,172,171,56/44,2012,van
TOYOTA,SIENNA XLE FWD V6,10,508,198,180,303,2020,102,223,45,89,126,95,110,172,171,57/43,2012,van
VOLKSWAGEN,ROUTAN FWD MINIVAN TRENDLINE/COMFORTLINE/HIGH,09,514,195,175,308,2039,107,219,46,90,139,97,111,165,165,55/45,2012,van
CHEVROLET,1500 EXPRESS CARGO VAN SWB,03,569,202,207,343,2231,91,291,54,99,146,101,124,173,172,53/47,2013,van
CHEVROLET,1500 EXPRESS CARGO VAN SWB AWD,03,569,202,207,343,2367,91,291,54,99,146,101,124,173,172,53/47,2013,van
CHEVROLET,1500 EXPRESS PASSENGER VAN SWB,03,569,202,207,343,2494,91,291,54,99,146,101,124,173,172,53/47,2013,van
CHEVROLET,1500 EXPRESS PASSENGER VAN SWB AWD,03,569,202,207,343,2367,91,291,54,99,146,101,124,173,172,53/47,2013,van
CHEVROLET,2500 EXPRESS CARGO VAN LWB,03,620,202,208,394,2497,91,342,54,99,146,101,124,173,172,53/47,2013,van
CHEVROLET,2500 EXPRESS CARGO VAN SWB,03,569,202,207,343,2400,91,291,54,99,146,101,124,173,172,53/47,2013,van
CHEVROLET,2500 EXPRESS PASSENGER VAN SWB,03,569,202,207,343,2664,91,291,54,99,146,101,124,173,172,53/47,2013,van
CHEVROLET,3500 EXPRESS CARGO VAN LWB,03,620,202,208,394,2525,91,342,54,99,146,101,124,173,172,53/47,2013,van
CHEVROLET,3500 EXPRESS CARGO VAN SWB,03,569,202,207,343,2361,91,291,54,99,146,101,124,173,172,53/47,2013,van
CHEVROLET,3500 EXPRESS PASSENGER VAN LWB,03,620,202,208,394,2906,91,342,54,99,146,101,124,173,172,53/47,2013,van
CHEVROLET,3500 EXPRESS PASSENGER VAN SWB,03,569,202,207,343,2761,91,291,54,99,146,101,124,173,172,53/47,2013,van
CHEVROLET,ORLANDO 4DR MINIVAN LS/LT/LTZ,11,465,184,163,276,1596,111,178,38,90,121,96,93,158,159,49/51,2013,van
CHRYSLER,TOWN & COUNTRY 4DR MINIVAN TOURING/TOURING-L/,08,514,200,172,308,2115,102,219,47,88,140,95,111,167,165,56/44,2013,van
DODGE,GRAND CARAVAN 4DR VAN FWD CVP/SE PLUS/SXT/SXT,08,514,200,172,308,2050,102,219,47,89,135,96,111,167,165,56/44,2013,van
FORD,E-150 ECONOLINE VAN,08,550,202,209,351,2107,99,276,56,96,165,87,112,178,170,58/42,2013,van
FORD,E-150 ECONOLINE VAN EXTENDED,08,600,202,216,351,2228,99,326,55,95,166,87,162,178,169,53/47,2013,van
FORD,E-250 ECONOLINE VAN,08,550,202,216,351,2268,99,276,55,95,166,87,112,178,169,56/44,2013,van
FORD,E-250 ECONOLINE VAN EXTENDED,08,600,202,216,351,2328,99,326,55,95,166,87,162,178,169,53/47,2013,van
FORD,E-350 SD ECONOLINE VAN,08,550,202,212,351,2419,99,276,55,95,166,87,112,178,169,N/A,2013,van
FORD,E-350 SD ECONOLINE VAN EXTENDED,08,600,202,212,351,2484,99,326,55,95,166,87,162,178,169,N/A,2013,van
GMC,1500 SAVANA CARGO VAN SWB,03,569,202,207,343,2198,91,291,54,99,146,101,124,173,172,53/47,2013,van
GMC,1500 SAVANA CARGO VAN SWB AWD,03,569,202,207,343,2367,91,291,54,99,146,101,124,173,172,53/47,2013,van
GMC,1500 SAVANA PASSENGER VAN SWB,03,569,202,207,343,2358,91,291,54,99,146,101,124,173,172,53/47,2013,van
GMC,1500 SAVANA PASSENGER VAN SWB AWD,03,569,202,207,343,2367,91,291,54,99,146,101,124,173,172,53/47,2013,van
GMC,2500 SAVANA CARGO VAN LWB,03,620,202,208,394,2755,91,342,54,99,146,101,124,173,172,53/47,2013,van
GMC,2500 SAVANA CARGO VAN SWB,03,569,202,207,343,2276,91,291,54,99,146,101,124,173,172,53/47,2013,van
GMC,2500 SAVANA PASSENGER VAN LWB,03,620,202,208,394,2755,91,342,54,99,146,101,124,173,172,53/47,2013,van
GMC,2500 SAVANA PASSENGER VAN SWB,03,569,202,207,343,2537,91,291,54,99,146,101,124,173,172,53/47,2013,van
GMC,3500 SAVANA CARGO VAN LWB,03,620,202,208,394,2552,91,342,54,99,146,101,124,173,172,53/47,2013,van
GMC,3500 SAVANA CARGO VAN SWB,03,569,202,207,343,2462,91,291,54,99,146,101,124,173,172,53/47,2013,van
GMC,3500 SAVANA PASSENGER VAN LWB,03,620,202,208,394,2873,91,342,54,99,146,101,124,173,172,53/47,2013,van
GMC,3500 SAVANA PASSENGER VAN SWB,03,569,202,207,343,2728,91,291,54,99,146,101,124,173,172,53/47,2013,van
HONDA,ODYSSEY 4DR MINIVAN EX,11,515,201,174,300,2003,99,212,43,90,132,94,120,172,173,56/44,2013,van
HONDA,ODYSSEY 4DR MINIVAN EX-L RES,11,515,201,174,300,2047,99,212,43,90,132,94,120,172,173,56/44,2013,van
HONDA,ODYSSEY 4DR MINIVAN LX,11,515,201,174,300,1969,99,212,43,90,132,94,120,172,173,56/44,2013,van
HONDA,ODYSSEY 4DR MINIVAN TOURING,11,515,201,174,300,2070,99,212,43,90,132,94,120,172,173,56/44,2013,van
KIA,SEDONA 5DR VAN FWD LX,06,513,199,176,302,2087,101,215,48,88,114,98,114,169,169,57/43,2013,van
KIA,SEDONA 5DR VAN FWD LX-CONVENIENCE/EX,06,513,199,183,302,2087,101,215,48,88,114,98,114,169,169,57/43,2013,van
MAZDA,MAZDA5 4DR MINIVAN GS/GT,11,459,175,162,275,1569,104,178,41,89,110,92,92,154,152,51/49,2013,van
MERCEDES-BENZ,SPRINTER 2500 CARGO VAN 144-IN WB HIGH ROOF,08,591,199,273,367,2353,79,341,60,118,164,100,124,172,174,N/A,2013,van
MERCEDES-BENZ,SPRINTER 2500 CARGO VAN 144-IN WB STANDARD ROOF,08,591,199,245,367,2324,79,341,60,118,164,100,124,172,174,N/A,2013,van
MERCEDES-BENZ,SPRINTER 2500 CARGO VAN 170-IN WB EXTRALONG HIGH ROOF,08,735,199,273,433,2575,79,485,60,118,164,100,201,172,174,N/A,2013,van
MERCEDES-BENZ,SPRINTER 2500 CARGO VAN 170-IN WB EXTRALONG SUPER HIGH ROOF,08,735,199,297,433,2581,79,485,60,118,164,100,201,172,174,N/A,2013,van
MERCEDES-BENZ,SPRINTER 2500 CARGO VAN 170-IN WB HIGH ROOF,08,694,199,273,433,2515,79,444,60,118,164,100,162,172,174,N/A,2013,van
MERCEDES-BENZ,SPRINTER 2500 CARGO VAN 170-IN WB SUPER HIGH ROOF,08,694,199,297,433,2521,79,444,60,118,164,100,162,172,174,N/A,2013,van
MERCEDES-BENZ,SPRINTER 2500 PASSENGER VAN 144-IN WB HIGH ROOF,08,591,199,273,367,2631,79,341,60,118,164,100,124,172,174,N/A,2013,van
MERCEDES-BENZ,SPRINTER 2500 PASSENGER VAN 144-IN WB STANDARD ROOF,08,591,199,245,367,2603,79,341,60,118,164,100,124,172,174,N/A,2013,van
MERCEDES-BENZ,SPRINTER 2500 PASSENGER VAN 170-IN WB HIGH ROOF,08,694,199,273,433,2804,79,444,60,118,164,100,162,172,174,N/A,2013,van
MERCEDES-BENZ,SPRINTER 3500 CARGO VAN 144-IN WB HIGH ROOF,08,591,202,282,367,2552,79,341,60,118,164,100,124,172,174,N/A,2013,van
MERCEDES-BENZ,SPRINTER 3500 CARGO VAN 170-IN WB EXTRALONG HIGH ROOF,08,735,202,282,433,2796,79,485,60,118,164,100,201,172,174,N/A,2013,van
MERCEDES-BENZ,SPRINTER 3500 CARGO VAN 170-IN WB EXTRALONG SUPER HIGH ROOF,08,735,202,305,433,2802,79,485,60,118,164,100,201,172,174,N/A,2013,van
MERCEDES-BENZ,SPRINTER 3500 CARGO VAN 170-IN WB HIGH ROOF,08,694,202,282,433,2731,79,444,60,118,164,100,162,172,174,N/A,2013,van
MERCEDES-BENZ,SPRINTER 3500 CARGO VAN 170-IN WB SUPER HIGH ROOF,08,694,202,305,433,2737,79,444,60,118,164,100,162,172,174,N/A,2013,van
NISSAN,NV200 S/SV VAN,13,473,181,187,293,1461,100,208,48,98,126,95,84,153,153,N/A,2013,van
NISSAN,NV3500 PASSENGER VAN STANDARD ROOF S V6/S V8/,11,611,203,213,371,3068,146,312,58,104,168,105,133,175,175,N/A,2013,van
NISSAN,NV3500 PASSENGER VAN STANDARD ROOF SV V8/SL V,11,611,203,213,371,3143,146,312,58,104,168,105,133,175,175,N/A,2013,van
NISSAN,QUEST 4 DR MINIVAN S/SV,11,510,197,186,300,1987,99,217,44,96,137,94,116,173,173,55/45,2013,van
NISSAN,QUEST 4 DR MINIVAN SL/LE,11,510,197,186,300,2043,99,217,44,96,137,94,116,173,173,55/45,2013,van
RAM TRUCKS,RAM CARGO VAN BASE,08,514,200,172,308,2050,102,219,47,89,135,96,111,167,165,56/44,2013,van
TOYOTA,SIENNA LE AWD,10,508,198,181,303,2045,102,223,45,89,126,95,110,172,171,56/44,2013,van
TOYOTA,SIENNA LE FWD 4CYL,10,508,198,175,303,1900,102,223,45,89,126,95,110,172,171,56/44,2013,van
TOYOTA,SIENNA V6/LE V6/SE V6 FWD,10,508,198,180,303,1965,102,223,45,89,126,95,110,172,171,57/43,2013,van
TOYOTA,SIENNA XLE AWD V6,10,508,198,181,303,2115,102,223,45,89,126,95,110,172,171,56/44,2013,van
TOYOTA,SIENNA XLE FWD V6,10,508,198,180,303,2020,102,223,45,89,126,95,110,172,171,57/43,2013,van
CHEVROLET,1500 EXPRESS CARGO VAN SWB,03,569,202,207,343,2231,91,291,54,99,146,101,124,173,172,53/47,2014,van
CHEVROLET,1500 EXPRESS CARGO VAN SWB AWD,03,569,202,207,343,2367,91,291,54,99,146,101,124,173,172,53/47,2014,van
CHEVROLET,1500 EXPRESS PASSENGER VAN SWB,03,569,202,207,343,2494,91,291,54,99,146,101,124,173,172,53/47,2014,van
CHEVROLET,1500 EXPRESS PASSENGER VAN SWB AWD,03,569,202,207,343,2367,91,291,54,99,146,101,124,173,172,53/47,2014,van
CHEVROLET,2500 EXPRESS CARGO VAN LWB,03,620,202,208,394,2497,91,342,54,99,146,101,124,173,172,53/47,2014,van
CHEVROLET,2500 EXPRESS CARGO VAN SWB,03,569,202,207,343,2400,91,291,54,99,146,101,124,173,172,53/47,2014,van
CHEVROLET,2500 EXPRESS PASSENGER VAN SWB,03,569,202,207,343,2664,91,291,54,99,146,101,124,173,172,53/47,2014,van
CHEVROLET,3500 EXPRESS CARGO VAN LWB,03,620,202,208,394,2525,91,342,54,99,146,101,124,173,172,53/47,2014,van
CHEVROLET,3500 EXPRESS CARGO VAN SWB,03,569,202,207,343,2361,91,291,54,99,146,101,124,173,172,53/47,2014,van
CHEVROLET,3500 EXPRESS PASSENGER VAN LWB,03,620,202,208,394,2906,91,342,54,99,146,101,124,173,172,53/47,2014,van
CHEVROLET,3500 EXPRESS PASSENGER VAN SWB,03,569,202,207,343,2761,91,291,54,99,146,101,124,173,172,53/47,2014,van
CHEVROLET,ORLANDO 4DR MINIVAN LS/LT/LTZ,11,465,184,163,276,1596,111,178,38,90,121,96,93,158,159,49/51,2014,van
CHRYSLER,TOWN & COUNTRY 4DR MINIVAN TOURING/TOURING-L/,08,514,200,172,308,2115,102,219,47,88,140,95,111,167,165,56/44,2014,van
DODGE,GRAND CARAVAN 4DR VAN FWD CVP/SE PLUS/SXT/SXT,08,514,200,172,308,2050,102,219,47,89,135,96,111,167,165,56/44,2014,van
FORD,E-150 ECONOLINE VAN,08,550,202,209,351,2107,99,276,56,96,165,87,112,178,170,58/42,2014,van
FORD,E-150 ECONOLINE VAN EXTENDED,08,600,202,216,351,2228,99,326,55,95,166,87,162,178,169,53/47,2014,van
FORD,E-250 ECONOLINE VAN,08,550,202,216,351,2268,99,276,55,95,166,87,112,178,169,56/44,2014,van
FORD,E-250 ECONOLINE VAN EXTENDED,08,600,202,216,351,2328,99,326,55,95,166,87,162,178,169,53/47,2014,van
FORD,E-350 SD ECONOLINE VAN,08,550,202,212,351,2419,99,276,55,95,166,87,112,178,169,N/A,2014,van
FORD,E-350 SD ECONOLINE VAN EXTENDED,08,600,202,212,351,2484,99,326,55,95,166,87,162,178,169,N/A,2014,van
FORD,TRANSIT CONNECT VAN XL/XLT,13,481,184,179,306,1621,90,217,49,86,119,87,88,156,158,55/45,2014,van
FORD,TRANSIT CONNECT WAGON XL/XLT/TITANIUM,13,481,184,179,306,1799,90,217,49,86,119,87,88,156,158,55/45,2014,van
GMC,1500 SAVANA CARGO VAN SWB,03,569,202,207,343,2231,91,291,54,99,146,101,124,173,172,53/47,2014,van
GMC,1500 SAVANA CARGO VAN SWB AWD,03,569,202,207,343,2367,91,291,54,99,146,101,124,173,172,53/47,2014,van
GMC,1500 SAVANA PASSENGER VAN SWB,03,569,202,207,343,2494,91,291,54,99,146,101,124,173,172,53/47,2014,van
GMC,1500 SAVANA PASSENGER VAN SWB AWD,03,569,202,207,343,2367,91,291,54,99,146,101,124,173,172,53/47,2014,van
GMC,2500 SAVANA CARGO VAN LWB,03,620,202,208,394,2497,91,342,54,99,146,101,124,173,172,53/47,2014,van
GMC,2500 SAVANA CARGO VAN SWB,03,569,202,207,343,2400,91,291,54,99,146,101,124,173,172,53/47,2014,van
GMC,2500 SAVANA PASSENGER VAN SWB,03,569,202,207,343,2664,91,291,54,99,146,101,124,173,172,53/47,2014,van
GMC,3500 SAVANA CARGO VAN LWB,03,620,202,208,394,2525,91,342,54,99,146,101,124,173,172,53/47,2014,van
GMC,3500 SAVANA CARGO VAN SWB,03,569,202,207,343,2361,91,291,54,99,146,101,124,173,172,53/47,2014,van
GMC,3500 SAVANA PASSENGER VAN LWB,03,620,202,208,394,2906,91,342,54,99,146,101,124,173,172,53/47,2014,van
GMC,3500 SAVANA PASSENGER VAN SWB,03,569,202,207,343,2761,91,291,54,99,146,101,124,173,172,53/47,2014,van
HONDA,ODYSSEY 4DR MINIVAN EX-L RES/EX-L NAVI/TOURIN,11,515,201,174,300,2067,99,212,43,90,132,94,120,172,173,56/44,2014,van
HONDA,ODYSSEY 4DR MINIVAN LX/SE/EX/EX RES,11,515,201,174,300,2030,99,212,43,90,132,94,120,172,173,56/44,2014,van
KIA,SEDONA 5DR VAN FWD LX/LX-CONVENIENCE/EX/EX CO,06,513,199,176,302,2108,101,215,48,88,114,98,114,169,169,57/43,2014,van
MAZDA,MAZDA5 4DR MINIVAN GS/GT,11,459,175,162,275,1569,104,178,41,89,110,92,92,154,152,51/49,2014,van
MERCEDES-BENZ,SPRINTER 2500 CARGO VAN 144-IN WB HIGH ROOF,14,592,202,273,366,2353,90,348,62,118,173,104,122,172,173,N/A,2014,van
MERCEDES-BENZ,SPRINTER 2500 CARGO VAN 144-IN WB STANDARD ROOF,14,592,202,245,366,2324,90,348,62,118,173,104,122,172,173,N/A,2014,van
MERCEDES-BENZ,SPRINTER 2500 CARGO VAN 170-IN WB EXTRALONG HIGH ROOF,14,736,202,273,432,2575,90,492,62,118,173,104,200,172,173,N/A,2014,van
MERCEDES-BENZ,SPRINTER 2500 CARGO VAN 170-IN WB EXTRALONG SUPER HIGH ROOF,14,736,202,297,432,2581,90,492,62,118,173,104,200,172,173,N/A,2014,van
MERCEDES-BENZ,SPRINTER 2500 CARGO VAN 170-IN WB HIGH ROOF,14,696,202,273,432,2515,90,454,62,118,173,104,160,172,173,N/A,2014,van
MERCEDES-BENZ,SPRINTER 2500 CARGO VAN 170-IN WB SUPER HIGH ROOF,14,696,202,297,432,2521,90,454,62,118,173,104,160,172,173,N/A,2014,van
MERCEDES-BENZ,SPRINTER 2500 PASSENGER VAN 144-IN WB HIGH ROOF,14,592,202,273,366,2631,90,318,62,118,173,104,122,172,173,N/A,2014,van
MERCEDES-BENZ,SPRINTER 2500 PASSENGER VAN 144-IN WB STANDARD ROOF,14,592,202,245,366,2603,90,318,62,118,173,104,122,172,173,N/A,2014,van
MERCEDES-BENZ,SPRINTER 2500 PASSENGER VAN 170-IN WB HIGH ROOF,14,696,202,273,432,2804,90,454,62,118,173,104,160,172,173,N/A,2014,van
MERCEDES-BENZ,SPRINTER 3500 CARGO VAN 144-IN WB HIGH ROOF,14,592,202,281,366,2552,90,318,62,118,173,104,122,172,173,N/A,2014,van
MERCEDES-BENZ,SPRINTER 3500 CARGO VAN 170-IN WB EXTRALONG HIGH ROOF,14,736,202,281,432,2796,90,492,62,118,173,104,200,172,173,N/A,2014,van
MERCEDES-BENZ,SPRINTER 3500 CARGO VAN 170-IN WB EXTRALONG SUPER HIGH ROOF,14,736,202,305,432,2802,90,492,62,118,173,104,200,172,173,N/A,2014,van
MERCEDES-BENZ,SPRINTER 3500 CARGO VAN 170-IN WB HIGH ROOF,14,696,202,281,432,2731,90,454,62,118,173,104,160,172,173,N/A,2014,van
MERCEDES-BENZ,SPRINTER 3500 CARGO VAN 170-IN WB SUPER HIGH ROOF,14,696,202,305,432,2737,90,454,62,118,173,104,160,172,173,N/A,2014,van
NISSAN,NV200 S/SV VAN,13,473,181,187,293,1461,100,208,48,98,126,95,84,153,153,N/A,2014,van
NISSAN,NV3500 PASSENGER VAN STANDARD ROOF S V6/S V8/,11,611,203,213,371,3068,146,312,58,104,168,105,133,175,175,N/A,2014,van
NISSAN,NV3500 PASSENGER VAN STANDARD ROOF SV V8/SL V,11,611,203,213,371,3143,146,312,58,104,168,105,133,175,175,N/A,2014,van
NISSAN,QUEST 4 DR MINIVAN S/SV,11,510,197,186,300,1987,99,217,44,96,137,94,116,173,173,55/45,2014,van
NISSAN,QUEST 4 DR MINIVAN SL/LE,11,510,197,186,300,2043,99,217,44,96,137,94,116,173,173,55/45,2014,van
RAM TRUCKS,PROMASTER 1500 HIGH ROOF 136 IN. WB CARGO VAN,14,541,205,252,345,2145,72,316,66,101,190,95,101,181,179,N/A,2014,van
RAM TRUCKS,PROMASTER 1500 LOW ROOF 118 IN. WB CARGO VAN,14,496,205,225,300,2072,72,271,66,101,190,95,101,181,179,N/A,2014,van
RAM TRUCKS,PROMASTER 1500 LOW ROOF 136 IN. WB CARGO VAN,14,541,205,225,345,2104,72,316,66,101,190,95,101,181,179,N/A,2014,van
RAM TRUCKS,PROMASTER 2500 HIGH ROOF 136 IN. WB CARGO VAN,14,541,205,252,345,2169,72,316,66,101,190,95,101,181,179,N/A,2014,van
RAM TRUCKS,PROMASTER 2500 HIGH ROOF 159 IN. WB CARGO VAN,14,600,205,252,404,2233,72,375,66,101,190,95,101,181,179,N/A,2014,van
RAM TRUCKS,PROMASTER 3500 HIGH ROOF 159 IN. WB CARGO VAN,14,600,205,252,404,2251,72,375,66,101,190,95,101,181,179,N/A,2014,van
RAM TRUCKS,PROMASTER 3500 HIGH ROOF 159 IN. WB EXT CARGO,14,636,205,252,404,2283,72,411,66,101,190,95,137,181,179,N/A,2014,van
RAM TRUCKS,RAM CARGO VAN BASE,08,514,200,172,308,2050,102,219,47,89,135,96,111,167,165,56/44,2014,van
TOYOTA,SIENNA LE AWD,10,508,198,181,303,2045,102,223,45,89,126,95,110,172,171,56/44,2014,van
TOYOTA,SIENNA LE/SE V6/XLE FWD,10,508,198,180,303,1985,102,223,45,89,126,95,110,172,171,57/43,2014,van
TOYOTA,SIENNA XLE AWD V6,10,508,198,181,303,2115,102,223,45,89,126,95,110,172,171,56/44,2014,van
CHEVROLET,2500 EXPRESS CARGO VAN LWB,03,620,202,208,394,2497,91,342,54,99,146,101,124,173,172,53/47,2015,van
CHEVROLET,2500 EXPRESS CARGO VAN SWB,03,569,202,207,343,2400,91,291,54,99,146,101,124,173,172,53/47,2015,van
CHEVROLET,2500 EXPRESS PASSENGER VAN SWB,03,569,202,207,343,2664,91,291,54,99,146,101,124,173,172,53/47,2015,van
CHEVROLET,3500 EXPRESS CARGO VAN LWB,03,620,202,208,394,2525,91,342,54,99,146,101,124,173,172,53/47,2015,van
CHEVROLET,3500 EXPRESS CARGO VAN SWB,03,569,202,207,343,2361,91,291,54,99,146,101,124,173,172,53/47,2015,van
CHEVROLET,3500 EXPRESS PASSENGER VAN LWB,03,620,202,208,394,2906,91,342,54,99,146,101,124,173,172,53/47,2015,van
CHEVROLET,3500 EXPRESS PASSENGER VAN SWB,03,569,202,207,343,2761,91,291,54,99,146,101,124,173,172,53/47,2015,van
CHEVROLET,CITY EXPRESS VAN,14,473,173,187,293,1475,100,208,48,98,126,95,84,152,152,N/A,2015,van
CHEVROLET,ORLANDO 4DR MINIVAN LS/LT/LTZ,11,465,184,163,276,1596,111,178,38,90,121,96,93,158,159,49/51,2015,van
CHRYSLER,TOWN & COUNTRY 4DR MINIVAN,08,514,200,172,308,2115,102,219,47,88,140,95,111,167,165,56/44,2015,van
DODGE,GRAND CARAVAN 4DR VAN FWD,08,514,200,172,308,2050,102,219,47,89,135,96,111,167,165,56/44,2015,van
FORD,TRANSIT CONNECT VAN XL/XLT,13,481,184,179,306,1624,90,217,49,86,119,87,88,156,158,55/45,2015,van
FORD,TRANSIT CONNECT WAGON XL/XLT/TITANIUM,13,481,184,179,306,1804,90,217,49,86,119,87,88,156,158,55/45,2015,van
FORD,TRANSIT VAN 150 LONG WB LOW ROOF,13,604,207,211,375,2268,82,345,66,105,163,102,126,173,174,N/A,2015,van
FORD,TRANSIT VAN 150 LONG WB MEDIUM ROOF,13,598,207,256,375,2268,82,345,66,105,163,102,120,173,174,N/A,2015,van
FORD,TRANSIT VAN 150 REGULAR WB LOW ROOF,13,559,207,212,330,2268,82,300,66,105,163,102,126,173,174,N/A,2015,van
FORD,TRANSIT VAN 150 REGULAR WB MEDIUM ROOF,13,553,207,256,330,2268,82,300,66,105,163,102,120,173,174,N/A,2015,van
FORD,TRANSIT VAN 250 LONG WB EL HIGH ROOF,13,670,207,278,375,2268,82,417,66,105,163,102,193,173,174,N/A,2015,van
FORD,TRANSIT VAN 250 LONG WB HIGH ROOF,13,598,207,280,375,2268,82,345,66,105,163,102,120,173,174,N/A,2015,van
FORD,TRANSIT VAN 250 LONG WB LOW ROOF,13,604,207,211,375,2268,82,345,66,105,163,102,126,173,174,N/A,2015,van
FORD,TRANSIT VAN 250 LONG WB MEDIUM ROOF,13,598,207,256,375,2268,82,345,66,105,163,102,120,173,174,N/A,2015,van
FORD,TRANSIT VAN 250 REGULAR WB LOW ROOF,13,559,207,212,330,2268,82,300,66,105,163,102,126,173,174,N/A,2015,van
FORD,TRANSIT VAN 250 REGULAR WB MEDIUM ROOF,13,553,207,256,330,2268,82,300,66,105,163,102,120,173,174,N/A,2015,van
FORD,TRANSIT VAN 350 LONG WB EL HIGH ROOF,13,670,207,278,375,2318,82,417,66,105,163,102,193,173,174,N/A,2015,van
FORD,TRANSIT VAN 350 LONG WB HIGH ROOF,13,598,207,280,375,2318,82,345,66,105,163,102,120,173,174,N/A,2015,van
FORD,TRANSIT VAN 350 LONG WB LOW ROOF,13,604,207,211,375,2318,82,345,66,105,163,102,126,173,174,N/A,2015,van
FORD,TRANSIT VAN 350 LONG WB MEDIUM ROOF,13,598,207,256,375,2318,82,345,66,105,163,102,120,173,174,N/A,2015,van
FORD,TRANSIT VAN 350HD DRW EL HIGH ROOF,13,670,213,278,375,2590,82,417,66,105,163,102,193,173,167,N/A,2015,van
GMC,2500 SAVANA CARGO VAN LWB,03,620,202,208,394,2497,91,342,54,99,146,101,124,173,172,53/47,2015,van
GMC,2500 SAVANA CARGO VAN SWB,03,569,202,207,343,2400,91,291,54,99,146,101,124,173,172,53/47,2015,van
GMC,2500 SAVANA PASSENGER VAN SWB,03,569,202,207,343,2664,91,291,54,99,146,101,124,173,172,53/47,2015,van
GMC,3500 SAVANA CARGO VAN LWB,03,620,202,208,394,2525,91,342,54,99,146,101,124,173,172,53/47,2015,van
GMC,3500 SAVANA CARGO VAN SWB,03,569,202,207,343,2361,91,291,54,99,146,101,124,173,172,53/47,2015,van
GMC,3500 SAVANA PASSENGER VAN LWB,03,620,202,208,394,2906,91,342,54,99,146,101,124,173,172,53/47,2015,van
GMC,3500 SAVANA PASSENGER VAN SWB,03,569,202,207,343,2761,91,291,54,99,146,101,124,173,172,53/47,2015,van
HONDA,ODYSSEY 4DR MINIVAN EX-L RES/EX-L NAVI/TOURIN,11,515,201,174,300,2067,99,212,43,90,132,94,120,172,173,56/44,2015,van
HONDA,ODYSSEY 4DR MINIVAN LX/SE/EX/EX RES,11,515,201,174,300,1996,99,212,43,90,132,94,120,172,173,56/44,2015,van
KIA,SEDONA L/LX/SX 5DR VAN FWD,15,512,199,174,306,2002,107,225,44,94,114,97,111,174,175,57/43,2015,van
KIA,SEDONA SXL 5DR VAN FWD,15,512,199,174,306,2127,107,225,44,94,114,97,111,174,175,57/43,2015,van
MAZDA,MAZDA5 GS/GT 4DR MINIVAN,11,459,175,162,275,1551,104,178,41,89,110,92,92,154,152,51/49,2015,van
MERCEDES-BENZ,SPRINTER 2500 CARGO VAN 144-IN WB HIGH ROOF,14,592,202,273,366,2353,90,348,62,118,173,104,122,172,173,N/A,2015,van
MERCEDES-BENZ,SPRINTER 2500 CARGO VAN 144-IN WB STANDARD ROOF,14,592,202,245,366,2324,90,348,62,118,173,104,122,172,173,N/A,2015,van
MERCEDES-BENZ,SPRINTER 2500 CARGO VAN 170-IN WB EXTRALONG HIGH ROOF,14,736,202,273,432,2575,90,492,62,118,173,104,200,172,173,N/A,2015,van
MERCEDES-BENZ,SPRINTER 2500 CARGO VAN 170-IN WB EXTRALONG SUPER HIGH ROOF,14,736,202,297,432,2581,90,492,62,118,173,104,200,172,173,N/A,2015,van
MERCEDES-BENZ,SPRINTER 2500 CARGO VAN 170-IN WB HIGH ROOF,14,696,202,273,432,2515,90,454,62,118,173,104,160,172,173,N/A,2015,van
MERCEDES-BENZ,SPRINTER 2500 CARGO VAN 170-IN WB HIGH ROOF,14,696,202,283,432,2593,90,454,62,118,173,104,160,172,173,N/A,2015,van
MERCEDES-BENZ,SPRINTER 2500 CARGO VAN 170-IN WB SUPER HIGH ROOF,14,696,202,297,432,2521,90,454,62,118,173,104,160,172,173,N/A,2015,van
MERCEDES-BENZ,SPRINTER 2500 CARGO VAN 4X4 144-IN WB HIGH ROOF,14,592,202,283,366,2443,90,348,62,118,173,104,122,172,173,N/A,2015,van
MERCEDES-BENZ,SPRINTER 2500 CARGO VAN 4X4 144-IN WB STANDARD ROOF,14,592,202,255,366,2413,90,348,62,118,173,104,122,172,173,N/A,2015,van
MERCEDES-BENZ,SPRINTER 2500 CARGO VAN 4X4 170-IN WB EXTRALONG HIGH ROOF,14,736,202,283,432,2648,90,492,62,118,173,104,200,172,173,N/A,2015,van
MERCEDES-BENZ,SPRINTER 2500 PASSENGER VAN  4X4 144-IN WB HIGH ROOF,14,592,202,283,366,2718,90,318,62,118,173,104,122,172,173,N/A,2015,van
MERCEDES-BENZ,SPRINTER 2500 PASSENGER VAN 144-IN WB HIGH ROOF,14,592,202,273,366,2631,90,318,62,118,173,104,122,172,173,N/A,2015,van
MERCEDES-BENZ,SPRINTER 2500 PASSENGER VAN 144-IN WB STANDARD ROOF,14,592,202,245,366,2603,90,318,62,118,173,104,122,172,173,N/A,2015,van
MERCEDES-BENZ,SPRINTER 2500 PASSENGER VAN 170-IN WB HIGH ROOF,14,696,202,273,432,2804,90,454,62,118,173,104,160,172,173,N/A,2015,van
MERCEDES-BENZ,SPRINTER 2500 PASSENGER VAN 4X4 144-IN WB STANDARD ROOF,14,592,202,255,366,2688,90,318,62,118,173,104,122,172,173,N/A,2015,van
MERCEDES-BENZ,SPRINTER 2500 PASSENGER VAN 4X4 170-IN WB HIGH ROOF,14,696,202,283,432,2888,90,454,62,118,173,104,160,172,173,N/A,2015,van
MERCEDES-BENZ,SPRINTER 3500 CARGO VAN 144-IN WB HIGH ROOF,14,592,202,281,366,2552,90,318,62,118,173,104,122,172,173,N/A,2015,van
MERCEDES-BENZ,SPRINTER 3500 CARGO VAN 170-IN WB EXTRALONG HIGH ROOF,14,736,202,281,432,2796,90,492,62,118,173,104,200,172,173,N/A,2015,van
MERCEDES-BENZ,SPRINTER 3500 CARGO VAN 170-IN WB EXTRALONG SUPER HIGH ROOF,14,736,202,305,432,2802,90,492,62,118,173,104,200,172,173,N/A,2015,van
MERCEDES-BENZ,SPRINTER 3500 CARGO VAN 170-IN WB HIGH ROOF,14,696,202,281,432,2731,90,454,62,118,173,104,160,172,173,N/A,2015,van
MERCEDES-BENZ,SPRINTER 3500 CARGO VAN 4X4 170-IN WB HIGH ROOF,14,696,202,291,432,2803,90,454,62,118,173,104,160,172,173,N/A,2015,van
MERCEDES-BENZ,SPRINTER 3500 CARGO VAN 170-IN WB SUPER HIGH ROOF,14,696,202,305,432,2737,90,454,62,118,173,104,160,172,173,N/A,2015,van
MERCEDES-BENZ,SPRINTER 3500 CARGO VAN 4X4 144-IN WB HIGH ROOF,14,592,202,291,366,2633,90,318,62,118,173,104,122,172,173,N/A,2015,van
MERCEDES-BENZ,SPRINTER 3500 CARGO VAN 4X4 170-IN WB EXTRALONG HIGH ROOF,14,736,202,291,432,2878,90,492,62,118,173,104,200,172,173,N/A,2015,van
NISSAN,NV200 S/SV VAN,13,473,173,187,293,1479,100,208,48,98,126,95,84,153,152,N/A,2015,van
NISSAN,NV3500 PASSENGER VAN STANDARD ROOF S V6/S V8/,11,611,203,213,371,3068,146,312,58,104,168,105,133,175,175,N/A,2015,van
NISSAN,NV3500 PASSENGER VAN STANDARD ROOF SV V8/SL V,11,611,203,213,371,3143,146,312,58,104,168,105,133,175,175,N/A,2015,van
NISSAN,QUEST 4DR MINIVAN S/SV,11,510,197,186,300,1987,99,217,44,96,137,94,116,173,173,55/45,2015,van
NISSAN,QUEST 4DR MINIVAN SL/LE,11,510,197,186,300,2043,99,217,44,96,137,94,116,173,173,55/45,2015,van
RAM TRUCKS,PROMASTER 1500 HIGH ROOF 136 IN. WB CARGO VAN,14,541,205,252,345,2145,72,316,66,101,190,95,101,181,179,N/A,2015,van
RAM TRUCKS,PROMASTER 1500 LOW ROOF 118 IN. WB CARGO VAN,14,496,205,225,300,2072,72,271,66,101,190,95,101,181,179,N/A,2015,van
RAM TRUCKS,PROMASTER 1500 LOW ROOF 136 IN. WB CARGO VAN,14,541,205,225,345,2104,72,316,66,101,190,95,101,181,179,N/A,2015,van
RAM TRUCKS,PROMASTER 2500 HIGH ROOF 136 IN. WB CARGO VAN,14,541,205,252,345,2169,72,316,66,101,190,95,101,181,179,N/A,2015,van
RAM TRUCKS,PROMASTER 2500 HIGH ROOF 159 IN. WB CARGO VAN,14,600,205,252,404,2233,72,375,66,101,190,95,101,181,179,N/A,2015,van
RAM TRUCKS,PROMASTER 3500 HIGH ROOF 159 IN. WB CARGO VAN,14,600,205,252,404,2251,72,375,66,101,190,95,101,181,179,N/A,2015,van
RAM TRUCKS,PROMASTER 3500 HIGH ROOF 159 IN. WB EXT CARGO,14,636,205,252,404,2283,72,411,66,101,190,95,137,181,179,N/A,2015,van
RAM TRUCKS,PROMASTER CITY VAN,15,477,183,188,308,1610,108,215,50,87,133,92,77,151,153,N/A,2015,van
RAM TRUCKS,PROMASTER CITY WAGON,15,477,183,188,308,1678,108,215,50,87,133,92,77,151,153,N/A,2015,van
RAM TRUCKS,RAM CARGO VAN BASE,08,514,200,175,308,1882,102,219,47,89,135,96,111,166,165,56/44,2015,van
TOYOTA,SIENNA LE AWD,10,508,198,181,303,2045,102,223,45,89,126,95,110,172,172,56/44,2015,van
TOYOTA,SIENNA LE/SE/LIMITED FWD,10,508,198,180,303,1940,102,223,45,89,126,95,110,172,172,57/43,2015,van
TOYOTA,SIENNA XLE AWD V6,10,508,198,181,303,2115,102,223,45,89,126,95,110,172,172,56/44,2015,van
CHEVROLET,2500 EXPRESS CARGO VAN LWB,3,620,202,208,394,2497,91,342,54,99,146,101,124,173,172,53/47,2016,van
CHEVROLET,2500 EXPRESS CARGO VAN SWB,3,569,202,207,343,2400,91,291,54,99,146,101,124,173,172,53/47,2016,van
CHEVROLET,2500 EXPRESS PASSENGER VAN SWB,3,569,202,207,343,2664,91,291,54,99,146,101,124,173,172,53/47,2016,van
CHEVROLET,3500 EXPRESS CARGO VAN LWB,3,620,202,208,394,2525,91,342,54,99,146,101,124,173,172,53/47,2016,van
CHEVROLET,3500 EXPRESS CARGO VAN SWB,3,569,202,207,343,2361,91,291,54,99,146,101,124,173,172,53/47,2016,van
CHEVROLET,3500 EXPRESS PASSENGER VAN LWB,3,620,202,208,394,2906,91,342,54,99,146,101,124,173,172,53/47,2016,van
CHEVROLET,3500 EXPRESS PASSENGER VAN SWB,3,569,202,207,343,2761,91,291,54,99,146,101,124,173,172,53/47,2016,van
CHEVROLET,CITY EXPRESS VAN,14,473,173,187,293,1475,100,208,48,98,126,95,84,152,152,52/48,2016,van
CHRYSLER,TOWN & COUNTRY 4DR MINIVAN,8,514,200,172,308,2115,102,219,47,88,140,95,111,167,165,56/44,2016,van
DODGE,GRAND CARAVAN 4DR VAN FWD,8,514,200,172,308,2050,102,219,47,89,135,96,111,167,165,56/44,2016,van
FORD,TRANSIT CONNECT VAN XL/XLT,13,481,184,179,306,1624,90,217,49,86,119,87,88,156,158,55/45,2016,van
FORD,TRANSIT CONNECT WAGON XL/XLT/TITANIUM,13,481,184,179,306,1804,90,217,49,86,119,87,88,156,158,55/45,2016,van
FORD,TRANSIT VAN 150 LONG WB LOW ROOF,13,604,207,211,375,2268,82,345,66,105,163,102,126,173,174,N/A,2016,van
FORD,TRANSIT VAN 150 LONG WB MEDIUM ROOF,13,598,207,256,375,2268,82,345,66,105,163,102,120,173,174,N/A,2016,van
FORD,TRANSIT VAN 150 REGULAR WB LOW ROOF,13,559,207,212,330,2268,82,300,66,105,163,102,126,173,174,N/A,2016,van
FORD,TRANSIT VAN 150 REGULAR WB MEDIUM ROOF,13,553,207,256,330,2268,82,300,66,105,163,102,120,173,174,N/A,2016,van
FORD,TRANSIT VAN 250 LONG WB EL HIGH ROOF,13,670,207,278,375,2268,82,417,66,105,163,102,193,173,174,N/A,2016,van
FORD,TRANSIT VAN 250 LONG WB HIGH ROOF,13,598,207,280,375,2268,82,345,66,105,163,102,120,173,174,N/A,2016,van
FORD,TRANSIT VAN 250 LONG WB LOW ROOF,13,604,207,211,375,2268,82,345,66,105,163,102,126,173,174,N/A,2016,van
FORD,TRANSIT VAN 250 LONG WB MEDIUM ROOF,13,598,207,256,375,2268,82,345,66,105,163,102,120,173,174,N/A,2016,van
FORD,TRANSIT VAN 250 REGULAR WB LOW ROOF,13,559,207,212,330,2268,82,300,66,105,163,102,126,173,174,N/A,2016,van
FORD,TRANSIT VAN 250 REGULAR WB MEDIUM ROOF,13,553,207,256,330,2268,82,300,66,105,163,102,120,173,174,N/A,2016,van
FORD,TRANSIT VAN 350 LONG WB EL HIGH ROOF,13,670,207,278,375,2318,82,417,66,105,163,102,193,173,174,N/A,2016,van
FORD,TRANSIT VAN 350 LONG WB HIGH ROOF,13,598,207,280,375,2318,82,345,66,105,163,102,120,173,174,N/A,2016,van
FORD,TRANSIT VAN 350 LONG WB LOW ROOF,13,604,207,211,375,2318,82,345,66,105,163,102,126,173,174,N/A,2016,van
FORD,TRANSIT VAN 350 LONG WB MEDIUM ROOF,13,598,207,256,375,2318,82,345,66,105,163,102,120,173,174,N/A,2016,van
FORD,TRANSIT VAN 350HD DRW EL HIGH ROOF,13,670,213,278,375,2590,82,417,66,105,163,102,193,173,167,N/A,2016,van
GMC,2500 SAVANA CARGO VAN LWB,3,620,202,208,394,2497,91,342,54,99,146,101,124,173,172,53/47,2016,van
GMC,2500 SAVANA CARGO VAN SWB,3,569,202,207,343,2400,91,291,54,99,146,101,124,173,172,53/47,2016,van
GMC,2500 SAVANA PASSENGER VAN SWB,3,569,202,207,343,2664,91,291,54,99,146,101,124,173,172,53/47,2016,van
GMC,3500 SAVANA CARGO VAN LWB,3,620,202,208,394,2525,91,342,54,99,146,101,124,173,172,53/47,2016,van
GMC,3500 SAVANA CARGO VAN SWB,3,569,202,207,343,2361,91,291,54,99,146,101,124,173,172,53/47,2016,van
GMC,3500 SAVANA PASSENGER VAN LWB,3,620,202,208,394,2906,91,342,54,99,146,101,124,173,172,53/47,2016,van
GMC,3500 SAVANA PASSENGER VAN SWB,3,569,202,207,343,2761,91,291,54,99,146,101,124,173,172,53/47,2016,van
HONDA,ODYSSEY 4DR MINIVAN EX-L RES/EX-L NAVI/TOURING,11,515,201,174,300,2067,99,212,43,90,132,94,120,172,173,56/44,2016,van
HONDA,ODYSSEY 4DR MINIVAN LX/SE/EX/EX RES,11,515,201,174,300,1996,99,212,43,90,132,94,120,172,173,56/44,2016,van
KIA,SEDONA L/LX/SX 5DR VAN FWD,15,512,199,174,306,2002,107,225,44,94,114,97,111,174,175,57/43,2016,van
KIA,SEDONA SXL 5DR VAN FWD,15,512,199,174,306,2127,107,225,44,94,114,97,111,174,175,57/43,2016,van
MAZDA,MAZDA5 4DR MINIVAN,11,459,175,162,275,1578,104,178,41,89,110,92,92,154,152,51/49,2016,van
MERCEDES-BENZ,METRIS CARGO VAN,16,514,193,189,320,1915,96,246,56,92,137,90,104,166,165,N/A,2016,van
MERCEDES-BENZ,METRIS PASSENGER VAN,16,514,193,191,320,2200,96,246,56,92,137,90,104,166,165,N/A,2016,van
MERCEDES-BENZ,SPRINTER 2500 CARGO VAN 144-IN WB HIGH ROOF,14,592,202,273,366,2353,90,348,62,118,173,104,122,172,173,N/A,2016,van
MERCEDES-BENZ,SPRINTER 2500 CARGO VAN 144-IN WB STANDARD ROOF,14,592,202,245,366,2324,90,348,62,118,173,104,122,172,173,N/A,2016,van
MERCEDES-BENZ,SPRINTER 2500 CARGO VAN 170-IN WB EXTRALONG HIGH ROOF,14,736,202,273,432,2575,90,492,62,118,173,104,200,172,173,N/A,2016,van
MERCEDES-BENZ,SPRINTER 2500 CARGO VAN 170-IN WB EXTRALONG SUPER HIGH ROOF,14,736,202,297,432,2581,90,492,62,118,173,104,200,172,173,N/A,2016,van
MERCEDES-BENZ,SPRINTER 2500 CARGO VAN 170-IN WB HIGH ROOF,14,696,202,273,432,2515,90,454,62,118,173,104,160,172,173,N/A,2016,van
MERCEDES-BENZ,SPRINTER 2500 CARGO VAN 170-IN WB HIGH ROOF,14,696,202,283,432,2593,90,454,62,118,173,104,160,172,173,N/A,2016,van
MERCEDES-BENZ,SPRINTER 2500 CARGO VAN 170-IN WB SUPER HIGH ROOF,14,696,202,297,432,2521,90,454,62,118,173,104,160,172,173,N/A,2016,van
MERCEDES-BENZ,SPRINTER 2500 CARGO VAN 4X4 144-IN WB HIGH ROOF,14,592,202,283,366,2443,90,348,62,118,173,104,122,172,173,N/A,2016,van
MERCEDES-BENZ,SPRINTER 2500 CARGO VAN 4X4 144-IN WB STANDARD ROOF,14,592,202,255,366,2413,90,348,62,118,173,104,122,172,173,N/A,2016,van
MERCEDES-BENZ,SPRINTER 2500 CARGO VAN 4X4 170-IN WB EXTRALONG HIGH ROOF,14,736,202,283,432,2648,90,492,62,118,173,104,200,172,173,N/A,2016,van
MERCEDES-BENZ,SPRINTER 2500 PASSENGER VAN  4X4 144-IN WB HIGH ROOF,14,592,202,283,366,2718,90,318,62,118,173,104,122,172,173,N/A,2016,van
MERCEDES-BENZ,SPRINTER 2500 PASSENGER VAN 144-IN WB HIGH ROOF,14,592,202,273,366,2631,90,318,62,118,173,104,122,172,173,N/A,2016,van
MERCEDES-BENZ,SPRINTER 2500 PASSENGER VAN 144-IN WB STANDARD ROOF,14,592,202,245,366,2603,90,318,62,118,173,104,122,172,173,N/A,2016,van
MERCEDES-BENZ,SPRINTER 2500 PASSENGER VAN 170-IN WB HIGH ROOF,14,696,202,273,432,2804,90,454,62,118,173,104,160,172,173,N/A,2016,van
MERCEDES-BENZ,SPRINTER 2500 PASSENGER VAN 4X4 144-IN WB STANDARD ROOF,14,592,202,255,366,2688,90,318,62,118,173,104,122,172,173,N/A,2016,van
MERCEDES-BENZ,SPRINTER 2500 PASSENGER VAN 4X4 170-IN WB HIGH ROOF,14,696,202,283,432,2888,90,454,62,118,173,104,160,172,173,N/A,2016,van
MERCEDES-BENZ,SPRINTER 3500 CARGO VAN 144-IN WB HIGH ROOF,14,592,202,281,366,2552,90,318,62,118,173,104,122,172,173,N/A,2016,van
MERCEDES-BENZ,SPRINTER 3500 CARGO VAN 170-IN WB EXTRALONG HIGH ROOF,14,736,202,281,432,2796,90,492,62,118,173,104,200,172,173,N/A,2016,van
MERCEDES-BENZ,SPRINTER 3500 CARGO VAN 170-IN WB EXTRALONG SUPER HIGH ROOF,14,736,202,305,432,2802,90,492,62,118,173,104,200,172,173,N/A,2016,van
MERCEDES-BENZ,SPRINTER 3500 CARGO VAN 4X4 170-IN WB HIGH ROOF,14,696,202,291,432,2803,90,454,62,118,173,104,160,172,173,N/A,2016,van
MERCEDES-BENZ,SPRINTER 3500 CARGO VAN 170-IN WB HIGH ROOF,14,696,202,281,432,2731,90,454,62,118,173,104,160,172,173,N/A,2016,van
MERCEDES-BENZ,SPRINTER 3500 CARGO VAN 170-IN WB SUPER HIGH ROOF,14,696,202,305,432,2737,90,454,62,118,173,104,160,172,173,N/A,2016,van
MERCEDES-BENZ,SPRINTER 3500 CARGO VAN 4X4 144-IN WB HIGH ROOF,14,592,202,291,366,2633,90,318,62,118,173,104,122,172,173,N/A,2016,van
MERCEDES-BENZ,SPRINTER 3500 CARGO VAN 4X4 170-IN WB EXTRALONG HIGH ROOF,14,736,202,291,432,2878,90,492,62,118,173,104,200,172,173,N/A,2016,van
NISSAN,NV200 S/SV VAN,13,473,173,187,293,1479,100,208,48,98,126,95,84,153,152,N/A,2016,van
NISSAN,NV3500 PASSENGER VAN STANDARD ROOF S V6/S V8/,11,611,203,213,371,3068,146,312,58,104,168,105,133,175,175,N/A,2016,van
NISSAN,NV3500 PASSENGER VAN STANDARD ROOF SV V8/SL V,11,611,203,213,371,3143,146,312,58,104,168,105,133,175,175,N/A,2016,van
NISSAN,QUEST 4DR MINIVAN S/SV,11,510,197,186,300,1987,99,217,44,96,137,94,116,173,173,55/45,2016,van
NISSAN,QUEST 4DR MINIVAN SL/LE,11,510,197,186,300,2043,99,217,44,96,137,94,116,173,173,55/45,2016,van
RAM TRUCKS,PROMASTER 1500 HIGH ROOF 136 IN. WB CARGO VAN,14,541,205,252,345,2145,72,316,66,101,190,95,101,181,179,N/A,2016,van
RAM TRUCKS,PROMASTER 1500 LOW ROOF 118 IN. WB CARGO VAN,14,496,205,225,300,2072,72,271,66,101,190,95,101,181,179,N/A,2016,van
RAM TRUCKS,PROMASTER 1500 LOW ROOF 136 IN. WB CARGO VAN,14,541,205,225,345,2104,72,316,66,101,190,95,101,181,179,N/A,2016,van
RAM TRUCKS,PROMASTER 2500 HIGH ROOF 136 IN. WB CARGO VAN,14,541,205,252,345,2169,72,316,66,101,190,95,101,181,179,N/A,2016,van
RAM TRUCKS,PROMASTER 2500 HIGH ROOF 159 IN. WB CARGO VAN,14,600,205,252,404,2233,72,375,66,101,190,95,101,181,179,N/A,2016,van
RAM TRUCKS,PROMASTER 3500 HIGH ROOF 159 IN. WB CARGO VAN,14,600,205,252,404,2251,72,375,66,101,190,95,101,181,179,N/A,2016,van
RAM TRUCKS,PROMASTER 3500 HIGH ROOF 159 IN. WB EXT CARGO VAN,14,636,205,252,404,2283,72,411,66,101,190,95,137,181,179,N/A,2016,van
RAM TRUCKS,PROMASTER CITY VAN,15,477,183,188,308,1610,108,215,50,87,133,92,77,151,153,N/A,2016,van
RAM TRUCKS,PROMASTER CITY WAGON,15,477,183,188,308,1678,108,215,50,87,133,92,77,151,153,N/A,2016,van
RAM TRUCKS,RAM CARGO VAN BASE,8,514,200,175,308,1882,102,219,47,89,135,96,111,166,165,56/44,2016,van
TOYOTA,SIENNA LE AWD,10,508,198,181,303,2045,102,223,45,89,126,95,110,172,172,56/44,2016,van
TOYOTA,SIENNA LE/SE/LIMITED FWD,10,508,198,180,303,1940,102,223,45,89,126,95,110,172,172,57/43,2016,van
TOYOTA,SIENNA XLE AWD V6,10,508,198,181,303,2115,102,223,45,89,126,95,110,172,172,56/44,2016,van
CHEVROLET,2500 EXPRESS CARGO VAN LWB,3,620,202,208,394,2497,91,342,54,99,146,101,124,173,172,53/47,2017,van
CHEVROLET,2500 EXPRESS CARGO VAN SWB,3,569,202,207,343,2400,91,291,54,99,146,101,124,173,172,53/47,2017,van
CHEVROLET,2500 EXPRESS PASSENGER VAN SWB,3,569,202,207,343,2664,91,291,54,99,146,101,124,173,172,53/47,2017,van
CHEVROLET,3500 EXPRESS CARGO VAN LWB,3,620,202,208,394,2525,91,342,54,99,146,101,124,173,172,53/47,2017,van
CHEVROLET,3500 EXPRESS CARGO VAN SWB,3,569,202,207,343,2361,91,291,54,99,146,101,124,173,172,53/47,2017,van
CHEVROLET,3500 EXPRESS PASSENGER VAN LWB,3,620,202,208,394,2906,91,342,54,99,146,101,124,173,172,53/47,2017,van
CHEVROLET,3500 EXPRESS PASSENGER VAN SWB,3,569,202,207,343,2761,91,291,54,99,146,101,124,173,172,53/47,2017,van
CHEVROLET,CITY EXPRESS VAN,14,473,173,187,293,1475,100,208,48,98,126,95,84,152,152,52/48,2017,van
CHRYSLER,PACIFICA 4DR MINIVAN,16,519,202,178,310,1964,113,231,44,97,130,96,113,174,174,55/45,2017,van
CHRYSLER,PACIFICA HYBRID 4DR MINIVAN,16,519,202,178,310,2242,113,231,44,97,130,96,113,174,174,56/44,2017,van
DODGE,GRAND CARAVAN 4DR VAN FWD,8,514,200,172,308,2050,102,219,47,89,135,96,111,167,165,56/44,2017,van
FORD,TRANSIT CONNECT VAN XL/XLT,13,481,184,179,306,1624,90,217,49,86,119,87,88,156,158,55/45,2017,van
FORD,TRANSIT CONNECT WAGON XL/XLT/TITANIUM,13,481,184,179,306,1804,90,217,49,86,119,87,88,156,158,55/45,2017,van
FORD,TRANSIT VAN 150 LONG WB LOW ROOF,13,604,207,211,375,2268,82,345,66,105,163,102,126,173,174,N/A,2017,van
FORD,TRANSIT VAN 150 LONG WB MEDIUM ROOF,13,598,207,256,375,2268,82,345,66,105,163,102,120,173,174,N/A,2017,van
FORD,TRANSIT VAN 150 REGULAR WB LOW ROOF,13,559,207,212,330,2268,82,300,66,105,163,102,126,173,174,N/A,2017,van
FORD,TRANSIT VAN 150 REGULAR WB MEDIUM ROOF,13,553,207,256,330,2268,82,300,66,105,163,102,120,173,174,N/A,2017,van
FORD,TRANSIT VAN 250 LONG WB EL HIGH ROOF,13,670,207,278,375,2268,82,417,66,105,163,102,193,173,174,N/A,2017,van
FORD,TRANSIT VAN 250 LONG WB HIGH ROOF,13,598,207,280,375,2268,82,345,66,105,163,102,120,173,174,N/A,2017,van
FORD,TRANSIT VAN 250 LONG WB LOW ROOF,13,604,207,211,375,2268,82,345,66,105,163,102,126,173,174,N/A,2017,van
FORD,TRANSIT VAN 250 LONG WB MEDIUM ROOF,13,598,207,256,375,2268,82,345,66,105,163,102,120,173,174,N/A,2017,van
FORD,TRANSIT VAN 250 REGULAR WB LOW ROOF,13,559,207,212,330,2268,82,300,66,105,163,102,126,173,174,N/A,2017,van
FORD,TRANSIT VAN 250 REGULAR WB MEDIUM ROOF,13,553,207,256,330,2268,82,300,66,105,163,102,120,173,174,N/A,2017,van
FORD,TRANSIT VAN 350 LONG WB EL HIGH ROOF,13,670,207,278,375,2318,82,417,66,105,163,102,193,173,174,N/A,2017,van
FORD,TRANSIT VAN 350 LONG WB HIGH ROOF,13,598,207,280,375,2318,82,345,66,105,163,102,120,173,174,N/A,2017,van
FORD,TRANSIT VAN 350 LONG WB LOW ROOF,13,604,207,211,375,2318,82,345,66,105,163,102,126,173,174,N/A,2017,van
FORD,TRANSIT VAN 350 LONG WB MEDIUM ROOF,13,598,207,256,375,2318,82,345,66,105,163,102,120,173,174,N/A,2017,van
FORD,TRANSIT VAN 350HD DRW EL HIGH ROOF,13,670,213,278,375,2590,82,417,66,105,163,102,193,173,167,N/A,2017,van
GMC,2500 SAVANA CARGO VAN LWB,3,620,202,208,394,2497,91,342,54,99,146,101,124,173,172,53/47,2017,van
GMC,2500 SAVANA CARGO VAN SWB,3,569,202,207,343,2400,91,291,54,99,146,101,124,173,172,53/47,2017,van
GMC,2500 SAVANA PASSENGER VAN SWB,3,569,202,207,343,2664,91,291,54,99,146,101,124,173,172,53/47,2017,van
GMC,3500 SAVANA CARGO VAN LWB,3,620,202,208,394,2525,91,342,54,99,146,101,124,173,172,53/47,2017,van
GMC,3500 SAVANA CARGO VAN SWB,3,569,202,207,343,2361,91,291,54,99,146,101,124,173,172,53/47,2017,van
GMC,3500 SAVANA PASSENGER VAN LWB,3,620,202,208,394,2906,91,342,54,99,146,101,124,173,172,53/47,2017,van
GMC,3500 SAVANA PASSENGER VAN SWB,3,569,202,207,343,2761,91,291,54,99,146,101,124,173,172,53/47,2017,van
HONDA,ODYSSEY 4DR MINIVAN EX-L RES/EX-L NAVI/TOURING,11,515,201,174,300,2067,99,212,43,90,132,94,120,172,173,56/44,2017,van
HONDA,ODYSSEY 4DR MINIVAN LX/SE/EX/EX RES,11,515,201,174,300,1996,99,212,43,90,132,94,120,172,173,56/44,2017,van
KIA,SEDONA L/LX/SX 5DR VAN FWD,15,512,199,174,306,2002,107,225,44,94,114,97,111,174,175,57/43,2017,van
KIA,SEDONA SXL 5DR VAN FWD,15,512,199,174,306,2127,107,225,44,94,114,97,111,174,175,57/43,2017,van
MAZDA,MAZDA5 4DR MINIVAN,11,459,175,162,275,1578,104,178,41,89,110,92,92,154,152,51/49,2017,van
MERCEDES-BENZ,METRIS CARGO VAN,16,514,193,189,320,1915,96,246,56,92,137,90,104,166,165,N/A,2017,van
MERCEDES-BENZ,METRIS PASSENGER VAN,16,514,193,191,320,2200,96,246,56,92,137,90,104,166,165,N/A,2017,van
MERCEDES-BENZ,SPRINTER 2500 CARGO VAN 144-IN WB HIGH ROOF,14,592,202,273,366,2353,90,348,62,118,173,104,122,172,173,N/A,2017,van
MERCEDES-BENZ,SPRINTER 2500 CARGO VAN 144-IN WB STANDARD ROOF,14,592,202,245,366,2324,90,348,62,118,173,104,122,172,173,N/A,2017,van
MERCEDES-BENZ,SPRINTER 2500 CARGO VAN 170-IN WB EXTRALONG HIGH ROOF,14,736,202,273,432,2575,90,492,62,118,173,104,200,172,173,N/A,2017,van
MERCEDES-BENZ,SPRINTER 2500 CARGO VAN 170-IN WB EXTRALONG SUPER HIGH ROOF,14,736,202,297,432,2581,90,492,62,118,173,104,200,172,173,N/A,2017,van
MERCEDES-BENZ,SPRINTER 2500 CARGO VAN 170-IN WB HIGH ROOF,14,696,202,283,432,2593,90,454,62,118,173,104,160,172,173,N/A,2017,van
MERCEDES-BENZ,SPRINTER 2500 CARGO VAN 170-IN WB HIGH ROOF,14,696,202,273,432,2515,90,454,62,118,173,104,160,172,173,N/A,2017,van
MERCEDES-BENZ,SPRINTER 2500 CARGO VAN 170-IN WB SUPER HIGH ROOF,14,696,202,297,432,2521,90,454,62,118,173,104,160,172,173,N/A,2017,van
MERCEDES-BENZ,SPRINTER 2500 CARGO VAN 4X4 144-IN WB HIGH ROOF,14,592,202,283,366,2443,90,348,62,118,173,104,122,172,173,N/A,2017,van
MERCEDES-BENZ,SPRINTER 2500 CARGO VAN 4X4 144-IN WB STANDARD ROOF,14,592,202,255,366,2413,90,348,62,118,173,104,122,172,173,N/A,2017,van
MERCEDES-BENZ,SPRINTER 2500 CARGO VAN 4X4 170-IN WB EXTRALONG HIGH ROOF,14,736,202,283,432,2648,90,492,62,118,173,104,200,172,173,N/A,2017,van
MERCEDES-BENZ,SPRINTER 2500 PASSENGER VAN  4X4 144-IN WB HIGH ROOF,14,592,202,283,366,2718,90,318,62,118,173,104,122,172,173,N/A,2017,van
MERCEDES-BENZ,SPRINTER 2500 PASSENGER VAN 144-IN WB HIGH ROOF,14,592,202,273,366,2631,90,318,62,118,173,104,122,172,173,N/A,2017,van
MERCEDES-BENZ,SPRINTER 2500 PASSENGER VAN 144-IN WB STANDARD ROOF,14,592,202,245,366,2603,90,318,62,118,173,104,122,172,173,N/A,2017,van
MERCEDES-BENZ,SPRINTER 2500 PASSENGER VAN 170-IN WB HIGH RO,14,696,202,273,432,2804,90,454,62,118,173,104,160,172,173,N/A,2017,van
MERCEDES-BENZ,SPRINTER 2500 PASSENGER VAN 4X4 144-IN WB STANDARD ROOF,14,592,202,255,366,2688,90,318,62,118,173,104,122,172,173,N/A,2017,van
MERCEDES-BENZ,SPRINTER 2500 PASSENGER VAN 4X4 170-IN WB HIGH ROOF,14,696,202,283,432,2888,90,454,62,118,173,104,160,172,173,N/A,2017,van
MERCEDES-BENZ,SPRINTER 3500 CARGO VAN 144-IN WB HIGH ROOF,14,592,202,281,366,2552,90,318,62,118,173,104,122,172,173,N/A,2017,van
MERCEDES-BENZ,SPRINTER 3500 CARGO VAN 170-IN WB EXTRALONG HIGH ROOF,14,736,202,281,432,2796,90,492,62,118,173,104,200,172,173,N/A,2017,van
MERCEDES-BENZ,SPRINTER 3500 CARGO VAN 170-IN WB EXTRALONG SUPER HIGH ROOF,14,736,202,305,432,2802,90,492,62,118,173,104,200,172,173,N/A,2017,van
MERCEDES-BENZ,SPRINTER 3500 CARGO VAN 4X4 170-IN WB HIGH ROOF,14,696,202,291,432,2803,90,454,62,118,173,104,160,172,173,N/A,2017,van
MERCEDES-BENZ,SPRINTER 3500 CARGO VAN 170-IN WB HIGH ROOF,14,696,202,281,432,2731,90,454,62,118,173,104,160,172,173,N/A,2017,van
MERCEDES-BENZ,SPRINTER 3500 CARGO VAN 170-IN WB SUPER HIGH ROOF,14,696,202,305,432,2737,90,454,62,118,173,104,160,172,173,N/A,2017,van
MERCEDES-BENZ,SPRINTER 3500 CARGO VAN 4X4 144-IN WB HIGH ROOF,14,592,202,291,366,2633,90,318,62,118,173,104,122,172,173,N/A,2017,van
MERCEDES-BENZ,SPRINTER 3500 CARGO VAN 4X4 170-IN WB EXTRALONG HIGH ROOF,14,736,202,291,432,2878,90,492,62,118,173,104,200,172,173,N/A,2017,van
NISSAN,NV200 S/SV VAN,13,473,173,187,293,1479,100,208,48,98,126,95,84,153,152,N/A,2017,van
NISSAN,NV3500 PASSENGER VAN STANDARD ROOF S V6/S V8/,11,611,203,213,371,3068,146,312,58,104,168,105,133,175,175,N/A,2017,van
NISSAN,NV3500 PASSENGER VAN STANDARD ROOF SV V8/SL V,11,611,203,213,371,3143,146,312,58,104,168,105,133,175,175,N/A,2017,van
RAM TRUCKS,PROMASTER 1500 HIGH ROOF 136 IN. WB CARGO VAN,14,541,205,252,345,2145,72,316,66,101,190,95,101,181,179,N/A,2017,van
RAM TRUCKS,PROMASTER 1500 LOW ROOF 118 IN. WB CARGO VAN,14,496,205,225,300,2072,72,271,66,101,190,95,101,181,179,N/A,2017,van
RAM TRUCKS,PROMASTER 1500 LOW ROOF 136 IN. WB CARGO VAN,14,541,205,225,345,2104,72,316,66,101,190,95,101,181,179,N/A,2017,van
RAM TRUCKS,PROMASTER 2500 HIGH ROOF 136 IN. WB CARGO VAN,14,541,205,252,345,2169,72,316,66,101,190,95,101,181,179,N/A,2017,van
RAM TRUCKS,PROMASTER 2500 HIGH ROOF 159 IN. WB CARGO VAN,14,600,205,252,404,2233,72,375,66,101,190,95,101,181,179,N/A,2017,van
RAM TRUCKS,PROMASTER 3500 HIGH ROOF 159 IN. WB CARGO VAN,14,600,205,252,404,2251,72,375,66,101,190,95,101,181,179,N/A,2017,van
RAM TRUCKS,PROMASTER 3500 HIGH ROOF 159 IN. WB EXT CARGO VAN,14,636,205,252,404,2283,72,411,66,101,190,95,137,181,179,N/A,2017,van
RAM TRUCKS,PROMASTER CITY VAN,15,477,183,188,308,1610,108,215,50,87,133,92,77,151,153,N/A,2017,van
RAM TRUCKS,PROMASTER CITY WAGON,15,477,183,188,308,1678,108,215,50,87,133,92,77,151,153,N/A,2017,van
RAM TRUCKS,RAM CARGO VAN BASE,8,514,200,175,308,1882,102,219,47,89,135,96,111,166,165,56/44,2017,van
TOYOTA,SIENNA AWD V6,10,508,198,181,303,2115,102,223,45,89,126,95,110,172,172,56/44,2017,van
TOYOTA,SIENNA BASE/LE FWD,10,508,198,180,303,2010,102,223,45,89,126,95,110,172,172,57/43,2017,van
TOYOTA,SIENNA SE/LIMITED FWD,10,508,198,180,303,2090,102,223,45,89,126,95,110,172,172,57/43,2017,van
ASTON MARTIN,NEW VANTAGE,18,447,194,127,270,1530,N/A,N/A,N/A,N/A,N/A,N/A,N/A,N/A,N/A,50/50,2018,van
CHEVROLET,2500 EXPRESS CARGO VAN LWB,3,620,202,208,394,2497,91,342,54,99,146,101,124,173,172,53/47,2018,van
CHEVROLET,2500 EXPRESS CARGO VAN SWB,3,569,202,207,343,2400,91,291,54,99,146,101,124,173,172,53/47,2018,van
CHEVROLET,2500 EXPRESS PASSENGER VAN SWB,3,569,202,207,343,2664,91,291,54,99,146,101,124,173,172,53/47,2018,van
CHEVROLET,3500 EXPRESS CARGO VAN LWB,3,620,202,208,394,2525,91,342,54,99,146,101,124,173,172,53/47,2018,van
CHEVROLET,3500 EXPRESS CARGO VAN SWB,3,569,202,207,343,2361,91,291,54,99,146,101,124,173,172,53/47,2018,van
CHEVROLET,3500 EXPRESS PASSENGER VAN LWB,3,620,202,208,394,2906,91,342,54,99,146,101,124,173,172,53/47,2018,van
CHEVROLET,3500 EXPRESS PASSENGER VAN SWB,3,569,202,207,343,2761,91,291,54,99,146,101,124,173,172,53/47,2018,van
CHEVROLET,CITY EXPRESS VAN,14,473,173,187,293,1475,100,208,48,98,126,95,84,152,152,52/48,2018,van
CHRYSLER,PACIFICA 4DR MINIVAN,16,519,202,178,310,1964,113,231,44,97,130,96,113,174,174,55/45,2018,van
CHRYSLER,PACIFICA HYBRID 4DR MINIVAN,16,519,202,178,310,2242,113,231,44,97,130,96,113,174,174,56/44,2018,van
DODGE,GRAND CARAVAN 4DR VAN FWD,8,514,200,172,308,2050,102,219,47,89,135,96,111,167,165,56/44,2018,van
FORD,TRANSIT CONNECT VAN XL/XLT,13,481,184,179,306,1624,90,217,49,86,119,87,88,156,158,55/45,2018,van
FORD,TRANSIT CONNECT WAGON XL/XLT/TITANIUM,13,481,184,179,306,1804,90,217,49,86,119,87,88,156,158,55/45,2018,van
FORD,TRANSIT VAN 150 LONG WB LOW ROOF,13,604,207,211,375,2268,82,345,66,105,163,102,126,173,174,N/A,2018,van
FORD,TRANSIT VAN 150 LONG WB MEDIUM ROOF,13,598,207,256,375,2268,82,345,66,105,163,102,120,173,174,N/A,2018,van
FORD,TRANSIT VAN 150 REGULAR WB LOW ROOF,13,559,207,212,330,2268,82,300,66,105,163,102,126,173,174,N/A,2018,van
FORD,TRANSIT VAN 150 REGULAR WB MEDIUM ROOF,13,553,207,256,330,2268,82,300,66,105,163,102,120,173,174,N/A,2018,van
FORD,TRANSIT VAN 250 LONG WB EL HIGH ROOF,13,670,207,278,375,2268,82,417,66,105,163,102,193,173,174,N/A,2018,van
FORD,TRANSIT VAN 250 LONG WB HIGH ROOF,13,598,207,280,375,2268,82,345,66,105,163,102,120,173,174,N/A,2018,van
FORD,TRANSIT VAN 250 LONG WB LOW ROOF,13,604,207,211,375,2268,82,345,66,105,163,102,126,173,174,N/A,2018,van
FORD,TRANSIT VAN 250 LONG WB MEDIUM ROOF,13,598,207,256,375,2268,82,345,66,105,163,102,120,173,174,N/A,2018,van
FORD,TRANSIT VAN 250 REGULAR WB LOW ROOF,13,559,207,212,330,2268,82,300,66,105,163,102,126,173,174,N/A,2018,van
FORD,TRANSIT VAN 250 REGULAR WB MEDIUM ROOF,13,553,207,256,330,2268,82,300,66,105,163,102,120,173,174,N/A,2018,van
FORD,TRANSIT VAN 350 LONG WB EL HIGH ROOF,13,670,207,278,375,2318,82,417,66,105,163,102,193,173,174,N/A,2018,van
FORD,TRANSIT VAN 350 LONG WB HIGH ROOF,13,598,207,280,375,2318,82,345,66,105,163,102,120,173,174,N/A,2018,van
FORD,TRANSIT VAN 350 LONG WB LOW ROOF,13,604,207,211,375,2318,82,345,66,105,163,102,126,173,174,N/A,2018,van
FORD,TRANSIT VAN 350 LONG WB MEDIUM ROOF,13,598,207,256,375,2318,82,345,66,105,163,102,120,173,174,N/A,2018,van
FORD,TRANSIT VAN 350HD DRW EL HIGH ROOF,13,670,213,278,375,2590,82,417,66,105,163,102,193,173,167,N/A,2018,van
GMC,2500 SAVANA CARGO VAN LWB,3,620,202,208,394,2497,91,342,54,99,146,101,124,173,172,53/47,2018,van
GMC,2500 SAVANA CARGO VAN SWB,3,569,202,207,343,2400,91,291,54,99,146,101,124,173,172,53/47,2018,van
GMC,2500 SAVANA PASSENGER VAN SWB,3,569,202,207,343,2664,91,291,54,99,146,101,124,173,172,53/47,2018,van
GMC,3500 SAVANA CARGO VAN LWB,3,620,202,208,394,2525,91,342,54,99,146,101,124,173,172,53/47,2018,van
GMC,3500 SAVANA CARGO VAN SWB,3,569,202,207,343,2361,91,291,54,99,146,101,124,173,172,53/47,2018,van
GMC,3500 SAVANA PASSENGER VAN LWB,3,620,202,208,394,2906,91,342,54,99,146,101,124,173,172,53/47,2018,van
GMC,3500 SAVANA PASSENGER VAN SWB,3,569,202,207,343,2761,91,291,54,99,146,101,124,173,172,53/47,2018,van
HONDA,ODYSSEY EX-L/TOURING,17,518,198,172,300,2046,102,223,38,92,130,95,123,172,171,55/45,2018,van
HONDA,ODYSSEY LX/EX,17,518,198,172,300,2004,102,223,38,92,130,95,123,172,171,55/45,2018,van
KIA,SEDONA L/LX/SX 5DR VAN FWD,15,512,199,174,306,2002,107,225,44,94,114,97,111,174,175,57/43,2018,van
KIA,SEDONA SXL 5DR VAN FWD,15,512,199,174,306,2127,107,225,44,94,114,97,111,174,175,57/43,2018,van
MAZDA,MAZDA5 4DR MINIVAN,11,459,175,162,275,1578,104,178,41,89,110,92,92,154,152,51/49,2018,van
MERCEDES-BENZ,METRIS CARGO VAN,16,514,193,189,320,1915,96,246,56,92,137,90,104,166,165,N/A,2018,van
MERCEDES-BENZ,METRIS PASSENGER VAN,16,514,193,191,320,2200,96,246,56,92,137,90,104,166,165,N/A,2018,van
MERCEDES-BENZ,SPRINTER 2500 CARGO VAN 144-IN WB HIGH ROOF,14,592,202,273,366,2353,90,348,62,118,173,104,122,172,173,N/A,2018,van
MERCEDES-BENZ,SPRINTER 2500 CARGO VAN 144-IN WB STANDARD ROOF,14,592,202,245,366,2324,90,348,62,118,173,104,122,172,173,N/A,2018,van
MERCEDES-BENZ,SPRINTER 2500 CARGO VAN 170-IN WB EXTRALONG HIGH ROOF,14,736,202,273,432,2575,90,492,62,118,173,104,200,172,173,N/A,2018,van
MERCEDES-BENZ,SPRINTER 2500 CARGO VAN 170-IN WB EXTRALONG SUPER HIGH ROOF,14,736,202,297,432,2581,90,492,62,118,173,104,200,172,173,N/A,2018,van
MERCEDES-BENZ,SPRINTER 2500 CARGO VAN 170-IN WB HIGH ROOF,14,696,202,273,432,2515,90,454,62,118,173,104,160,172,173,N/A,2018,van
MERCEDES-BENZ,SPRINTER 2500 CARGO VAN 170-IN WB HIGH ROOF,14,696,202,283,432,2593,90,454,62,118,173,104,160,172,173,N/A,2018,van
MERCEDES-BENZ,SPRINTER 2500 CARGO VAN 170-IN WB SUPER HIGH ROOF,14,696,202,297,432,2521,90,454,62,118,173,104,160,172,173,N/A,2018,van
MERCEDES-BENZ,SPRINTER 2500 CARGO VAN 4X4 144-IN WB HIGH ROOF,14,592,202,283,366,2443,90,348,62,118,173,104,122,172,173,N/A,2018,van
MERCEDES-BENZ,SPRINTER 2500 CARGO VAN 4X4 144-IN WB STANDARD ROOF,14,592,202,255,366,2413,90,348,62,118,173,104,122,172,173,N/A,2018,van
MERCEDES-BENZ,SPRINTER 2500 CARGO VAN 4X4 170-IN WB EXTRALONG HIGH ROOF,14,736,202,283,432,2648,90,492,62,118,173,104,200,172,173,N/A,2018,van
MERCEDES-BENZ,SPRINTER 2500 PASSENGER VAN  4X4 144-IN WB HIGH ROOF,14,592,202,283,366,2718,90,318,62,118,173,104,122,172,173,N/A,2018,van
MERCEDES-BENZ,SPRINTER 2500 PASSENGER VAN 144-IN WB HIGH ROOF,14,592,202,273,366,2631,90,318,62,118,173,104,122,172,173,N/A,2018,van
MERCEDES-BENZ,SPRINTER 2500 PASSENGER VAN 144-IN WB STANDARD,14,592,202,245,366,2603,90,318,62,118,173,104,122,172,173,N/A,2018,van
MERCEDES-BENZ,SPRINTER 2500 PASSENGER VAN 170-IN WB HIGH ROOF,14,696,202,273,432,2804,90,454,62,118,173,104,160,172,173,N/A,2018,van
MERCEDES-BENZ,SPRINTER 2500 PASSENGER VAN 4X4 144-IN WB STANDARD ROOF,14,592,202,255,366,2688,90,318,62,118,173,104,122,172,173,N/A,2018,van
MERCEDES-BENZ,SPRINTER 2500 PASSENGER VAN 4X4 170-IN WB HIGH ROOF,14,696,202,283,432,2888,90,454,62,118,173,104,160,172,173,N/A,2018,van
MERCEDES-BENZ,SPRINTER 3500 CARGO VAN 144-IN WB HIGH ROOF,14,592,202,281,366,2552,90,318,62,118,173,104,122,172,173,N/A,2018,van
MERCEDES-BENZ,SPRINTER 3500 CARGO VAN 170-IN WB EXTRALONG HIGH ROOF,14,736,202,281,432,2796,90,492,62,118,173,104,200,172,173,N/A,2018,van
MERCEDES-BENZ,SPRINTER 3500 CARGO VAN 170-IN WB EXTRALONG SUPER HIGH ROOF,14,736,202,305,432,2802,90,492,62,118,173,104,200,172,173,N/A,2018,van
MERCEDES-BENZ,SPRINTER 3500 CARGO VAN 4X4 170-IN WB HIGH ROOF,14,696,202,291,432,2803,90,454,62,118,173,104,160,172,173,N/A,2018,van
MERCEDES-BENZ,SPRINTER 3500 CARGO VAN 170-IN WB HIGH ROOF,14,696,202,281,432,2731,90,454,62,118,173,104,160,172,173,N/A,2018,van
MERCEDES-BENZ,SPRINTER 3500 CARGO VAN 170-IN WB SUPER HIGH ROOF,14,696,202,305,432,2737,90,454,62,118,173,104,160,172,173,N/A,2018,van
MERCEDES-BENZ,SPRINTER 3500 CARGO VAN 4X4 144-IN WB HIGH ROOF,14,592,202,291,366,2633,90,318,62,118,173,104,122,172,173,N/A,2018,van
MERCEDES-BENZ,SPRINTER 3500 CARGO VAN 4X4 170-IN WB EXTRALONG HIGH ROOF,14,736,202,291,432,2878,90,492,62,118,173,104,200,172,173,N/A,2018,van
NISSAN,NV200 S/SV VAN,13,473,173,187,293,1479,100,208,48,98,126,95,84,153,152,N/A,2018,van
NISSAN,NV3500 PASSENGER VAN STANDARD ROOF S V6/S V8/,11,611,203,213,371,3068,146,312,58,104,168,105,133,175,175,N/A,2018,van
NISSAN,NV3500 PASSENGER VAN STANDARD ROOF SV V8/SL V,11,611,203,213,371,3143,146,312,58,104,168,105,133,175,175,N/A,2018,van
RAM TRUCKS,PROMASTER 1500 HIGH ROOF 136 IN. WB CARGO VAN,14,541,205,252,345,2145,72,316,66,101,190,95,101,181,179,N/A,2018,van
RAM TRUCKS,PROMASTER 1500 LOW ROOF 118 IN. WB CARGO VAN,14,496,205,225,300,2072,72,271,66,101,190,95,101,181,179,N/A,2018,van
RAM TRUCKS,PROMASTER 1500 LOW ROOF 136 IN. WB CARGO VAN,14,541,205,225,345,2104,72,316,66,101,190,95,101,181,179,N/A,2018,van
RAM TRUCKS,PROMASTER 2500 HIGH ROOF 136 IN. WB CARGO VAN,14,541,205,252,345,2169,72,316,66,101,190,95,101,181,179,N/A,2018,van
RAM TRUCKS,PROMASTER 2500 HIGH ROOF 159 IN. WB CARGO VAN,14,600,205,252,404,2233,72,375,66,101,190,95,101,181,179,N/A,2018,van
RAM TRUCKS,PROMASTER 3500 HIGH ROOF 159 IN. WB CARGO VAN,14,600,205,252,404,2251,72,375,66,101,190,95,101,181,179,N/A,2018,van
RAM TRUCKS,PROMASTER 3500 HIGH ROOF 159 IN. WB EXT CARGO VAN,14,636,205,252,404,2283,72,411,66,101,190,95,137,181,179,N/A,2018,van
RAM TRUCKS,PROMASTER CITY VAN,15,477,183,188,308,1610,108,215,50,87,133,92,77,151,153,N/A,2018,van
RAM TRUCKS,PROMASTER CITY WAGON,15,477,183,188,308,1678,108,215,50,87,133,92,77,151,153,N/A,2018,van
RAM TRUCKS,RAM CARGO VAN BASE,8,514,200,175,308,1882,102,219,47,89,135,96,111,166,165,56/44,2018,van
TOYOTA,SIENNA AWD V6,10,508,198,181,303,2115,102,223,45,89,126,95,110,172,172,56/44,2018,van
TOYOTA,SIENNA BASE/LE FWD,10,508,198,180,303,2010,102,223,45,89,126,95,110,172,172,57/43,2018,van
TOYOTA,SIENNA SE/LIMITED FWD,10,508,198,180,303,2090,102,223,45,89,126,95,110,172,172,57/43,2018,van
ASTON MARTIN,NEW VANTAGE,18,447,194,127,270,1530,N/A,N/A,N/A,N/A,N/A,N/A,N/A,N/A,N/A,50/50,2019,van
CHEVROLET,2500 EXPRESS CARGO VAN LWB,3,620,202,208,394,2497,91,342,54,99,146,101,124,173,172,53/47,2019,van
CHEVROLET,2500 EXPRESS CARGO VAN SWB,3,569,202,207,343,2400,91,291,54,99,146,101,124,173,172,53/47,2019,van
CHEVROLET,2500 EXPRESS PASSENGER VAN SWB,3,569,202,207,343,2664,91,291,54,99,146,101,124,173,172,53/47,2019,van
CHEVROLET,3500 EXPRESS CARGO VAN LWB,3,620,202,208,394,2525,91,342,54,99,146,101,124,173,172,53/47,2019,van
CHEVROLET,3500 EXPRESS CARGO VAN SWB,3,569,202,207,343,2361,91,291,54,99,146,101,124,173,172,53/47,2019,van
CHEVROLET,3500 EXPRESS PASSENGER VAN LWB,3,620,202,208,394,2906,91,342,54,99,146,101,124,173,172,53/47,2019,van
CHEVROLET,3500 EXPRESS PASSENGER VAN SWB,3,569,202,207,343,2761,91,291,54,99,146,101,124,173,172,53/47,2019,van
CHEVROLET,CITY EXPRESS VAN,14,473,173,187,293,1475,100,208,48,98,126,95,84,152,152,52/48,2019,van
CHRYSLER,PACIFICA 4DR MINIVAN,16,519,202,178,310,1964,113,231,44,97,130,96,113,174,174,55/45,2019,van
CHRYSLER,PACIFICA HYBRID 4DR MINIVAN,16,519,202,178,310,2242,113,231,44,97,130,96,113,174,174,56/44,2019,van
DODGE,GRAND CARAVAN 4DR VAN FWD,8,514,200,172,308,2050,102,219,47,89,135,96,111,167,165,56/44,2019,van
FORD,TRANSIT CONNECT VAN XL/XLT,13,481,184,179,306,1624,90,217,49,86,119,87,88,156,158,55/45,2019,van
FORD,TRANSIT CONNECT WAGON XL/XLT/TITANIUM,13,481,184,179,306,1804,90,217,49,86,119,87,88,156,158,55/45,2019,van
FORD,TRANSIT VAN 150 LONG WB LOW ROOF,13,604,207,211,375,2307,82,345,66,105,163,102,126,173,174,N/A,2019,van
FORD,TRANSIT VAN 150 LONG WB MEDIUM ROOF,13,598,207,256,375,2375,82,345,66,105,163,102,120,173,174,N/A,2019,van
FORD,TRANSIT VAN 150 REGULAR WB LOW ROOF,13,559,207,212,330,2261,82,300,66,105,163,102,126,173,174,N/A,2019,van
FORD,TRANSIT VAN 150 REGULAR WB MEDIUM ROOF,13,553,207,256,330,2320,82,300,66,105,163,102,120,173,174,N/A,2019,van
FORD,TRANSIT VAN 250 LONG WB EL HIGH ROOF,13,670,207,278,375,2510,82,417,66,105,163,102,193,173,174,N/A,2019,van
FORD,TRANSIT VAN 250 LONG WB HIGH ROOF,13,598,207,280,375,2418,82,345,66,105,163,102,120,173,174,N/A,2019,van
FORD,TRANSIT VAN 250 LONG WB LOW ROOF,13,604,207,211,375,2307,82,345,66,105,163,102,126,173,174,N/A,2019,van
FORD,TRANSIT VAN 250 LONG WB MEDIUM ROOF,13,598,207,256,375,2375,82,345,66,105,163,102,120,173,174,N/A,2019,van
FORD,TRANSIT VAN 250 REGULAR WB LOW ROOF,13,559,207,212,330,2261,82,300,66,105,163,102,126,173,174,N/A,2019,van
FORD,TRANSIT VAN 250 REGULAR WB MEDIUM ROOF,13,553,207,256,330,2320,82,300,66,105,163,102,120,173,174,N/A,2019,van
FORD,TRANSIT VAN 350 LONG WB EL HIGH ROOF,13,670,207,278,375,2608,82,417,66,105,163,102,193,173,174,N/A,2019,van
FORD,TRANSIT VAN 350 LONG WB HIGH ROOF,13,598,207,280,375,2418,82,345,66,105,163,102,120,173,174,N/A,2019,van
FORD,TRANSIT VAN 350 LONG WB LOW ROOF,13,604,207,211,375,2307,82,345,66,105,163,102,126,173,174,N/A,2019,van
FORD,TRANSIT VAN 350 LONG WB MEDIUM ROOF,13,598,207,256,375,2375,82,345,66,105,163,102,120,173,174,N/A,2019,van
FORD,TRANSIT VAN 350HD DRW EL HIGH ROOF,13,670,213,278,375,2751,82,417,66,105,163,102,193,173,167,N/A,2019,van
GMC,2500 SAVANA CARGO VAN LWB,3,620,202,208,394,2497,91,342,54,99,146,101,124,173,172,53/47,2019,van
GMC,2500 SAVANA CARGO VAN SWB,3,569,202,207,343,2400,91,291,54,99,146,101,124,173,172,53/47,2019,van
GMC,2500 SAVANA PASSENGER VAN SWB,3,569,202,207,343,2664,91,291,54,99,146,101,124,173,172,53/47,2019,van
GMC,3500 SAVANA CARGO VAN LWB,3,620,202,208,394,2525,91,342,54,99,146,101,124,173,172,53/47,2019,van
GMC,3500 SAVANA CARGO VAN SWB,3,569,202,207,343,2361,91,291,54,99,146,101,124,173,172,53/47,2019,van
GMC,3500 SAVANA PASSENGER VAN LWB,3,620,202,208,394,2906,91,342,54,99,146,101,124,173,172,53/47,2019,van
GMC,3500 SAVANA PASSENGER VAN SWB,3,569,202,207,343,2761,91,291,54,99,146,101,124,173,172,53/47,2019,van
HONDA,ODYSSEY EX-L/TOURING,17,518,198,172,300,2046,102,223,38,92,130,95,123,172,171,55/45,2019,van
HONDA,ODYSSEY LX/EX,17,518,198,172,300,2004,102,223,38,92,130,95,123,172,171,55/45,2019,van
KIA,SEDONA L 5DR VAN FWD,15,512,199,174,306,2005,107,225,44,94,114,97,111,174,175,57/43,2019,van
KIA,SEDONA LX/SX 5DR VAN FWD,15,512,199,174,306,2079,107,225,44,94,114,97,111,174,175,57/43,2019,van
KIA,SEDONA SXL 5DR VAN FWD,15,512,199,174,306,2150,107,225,44,94,114,97,111,174,175,57/43,2019,van
MERCEDES-BENZ,METRIS CARGO VAN,16,514,193,189,320,1915,96,246,56,92,137,90,104,166,165,N/A,2019,van
MERCEDES-BENZ,METRIS PASSENGER VAN,16,514,193,191,320,2200,96,246,56,92,137,90,104,166,165,N/A,2019,van
NISSAN,NV200 S/SV VAN,13,473,173,187,293,1479,100,208,48,98,126,95,84,153,152,N/A,2019,van
NISSAN,NV3500 PASSENGER VAN STANDARD ROOF S V6/S V8/,11,611,203,213,371,3068,146,312,58,104,168,105,133,175,175,N/A,2019,van
NISSAN,NV3500 PASSENGER VAN STANDARD ROOF SV V8/SL V,11,611,203,213,371,3143,146,312,58,104,168,105,133,175,175,N/A,2019,van
RAM TRUCKS,PROMASTER 1500 HIGH ROOF 136 IN. WB CARGO VAN,14,541,205,252,345,2145,72,316,66,101,190,95,101,181,179,N/A,2019,van
RAM TRUCKS,PROMASTER 1500 LOW ROOF 118 IN. WB CARGO VAN,14,496,205,225,300,2072,72,271,66,101,190,95,101,181,179,N/A,2019,van
RAM TRUCKS,PROMASTER 1500 LOW ROOF 136 IN. WB CARGO VAN,14,541,205,225,345,2104,72,316,66,101,190,95,101,181,179,N/A,2019,van
RAM TRUCKS,PROMASTER 2500 HIGH ROOF 136 IN. WB CARGO VAN,14,541,205,252,345,2169,72,316,66,101,190,95,101,181,179,N/A,2019,van
RAM TRUCKS,PROMASTER 2500 HIGH ROOF 159 IN. WB CARGO VAN,14,600,205,252,404,2233,72,375,66,101,190,95,101,181,179,N/A,2019,van
RAM TRUCKS,PROMASTER 3500 HIGH ROOF 159 IN. WB CARGO VAN,14,600,205,252,404,2251,72,375,66,101,190,95,101,181,179,N/A,2019,van
RAM TRUCKS,PROMASTER 3500 HIGH ROOF 159 IN. WB EXT CARGO VAN,14,636,205,252,404,2283,72,411,66,101,190,95,137,181,179,N/A,2019,van
RAM TRUCKS,PROMASTER CITY VAN,15,477,183,188,308,1610,108,215,50,87,133,92,77,151,153,N/A,2019,van
RAM TRUCKS,PROMASTER CITY WAGON,15,477,183,188,308,1678,108,215,50,87,133,92,77,151,153,N/A,2019,van
RAM TRUCKS,RAM CARGO VAN BASE,8,514,200,175,308,1882,102,219,47,89,135,96,111,166,165,56/44,2019,van
TOYOTA,SIENNA AWD V6,10,508,198,181,303,2115,102,223,45,89,126,95,110,172,172,56/44,2019,van
TOYOTA,SIENNA BASE/LE FWD,10,508,198,180,303,2010,102,223,45,89,126,95,110,172,172,57/43,2019,van
TOYOTA,SIENNA SE/LIMITED FWD,10,508,198,180,303,2090,102,223,45,89,126,95,110,172,172,57/43,2019,van
ASTON MARTIN,NEW VANTAGE,18,447,194,127,270,1530,N/A,N/A,N/A,N/A,N/A,N/A,N/A,N/A,N/A,50/50,2020,van
CHEVROLET,2500 EXPRESS CARGO VAN LWB,3,620,202,208,394,2497,91,342,54,99,146,101,124,173,172,53/47,2020,van
CHEVROLET,2500 EXPRESS CARGO VAN SWB,3,569,202,207,343,2400,91,291,54,99,146,101,124,173,172,53/47,2020,van
CHEVROLET,2500 EXPRESS PASSENGER VAN SWB,3,569,202,207,343,2664,91,291,54,99,146,101,124,173,172,53/47,2020,van
CHEVROLET,3500 EXPRESS CARGO VAN LWB,3,620,202,208,394,2525,91,342,54,99,146,101,124,173,172,53/47,2020,van
CHEVROLET,3500 EXPRESS CARGO VAN SWB,3,569,202,207,343,2361,91,291,54,99,146,101,124,173,172,53/47,2020,van
CHEVROLET,3500 EXPRESS PASSENGER VAN LWB,3,620,202,208,394,2906,91,342,54,99,146,101,124,173,172,53/47,2020,van
CHEVROLET,3500 EXPRESS PASSENGER VAN SWB,3,569,202,207,343,2761,91,291,54,99,146,101,124,173,172,53/47,2020,van
CHEVROLET,CITY EXPRESS VAN,14,473,173,187,293,1475,100,208,48,98,126,95,84,152,152,52/48,2020,van
CHRYSLER,PACIFICA 4DR MINIVAN,16,519,202,178,310,1964,113,231,44,97,130,96,113,174,174,55/45,2020,van
CHRYSLER,PACIFICA HYBRID 4DR MINIVAN,16,519,202,178,310,2242,113,231,44,97,130,96,113,174,174,56/44,2020,van
DODGE,GRAND CARAVAN 4DR VAN FWD,8,514,200,172,308,2050,102,219,47,89,135,96,111,167,165,56/44,2020,van
FORD,TRANSIT CONNECT VAN XL/XLT,13,481,184,179,306,1624,90,217,49,86,119,87,88,156,158,55/45,2020,van
FORD,TRANSIT CONNECT WAGON XL/XLT/TITANIUM,13,481,184,179,306,1804,90,217,49,86,119,87,88,156,158,55/45,2020,van
FORD,TRANSIT VAN 150 LONG WB LOW ROOF,13,604,207,211,375,2307,82,345,66,105,163,102,126,173,174,51/49,2020,van
FORD,TRANSIT VAN 150 LONG WB MEDIUM ROOF,13,598,207,256,375,2375,82,345,66,105,163,102,120,173,174,51/49,2020,van
FORD,TRANSIT VAN 150 REGULAR WB LOW ROOF,13,559,207,212,330,2261,82,300,66,105,163,102,126,173,174,51/49,2020,van
FORD,TRANSIT VAN 150 REGULAR WB MEDIUM ROOF,13,553,207,256,330,2320,82,300,66,105,163,102,120,173,174,51/49,2020,van
FORD,TRANSIT VAN 250 LONG WB EL HIGH ROOF,13,670,207,278,375,2510,82,417,66,105,163,102,193,173,174,51/49,2020,van
FORD,TRANSIT VAN 250 LONG WB HIGH ROOF,13,598,207,280,375,2418,82,345,66,105,163,102,120,173,174,51/49,2020,van
FORD,TRANSIT VAN 250 LONG WB LOW ROOF,13,604,207,211,375,2307,82,345,66,105,163,102,126,173,174,51/49,2020,van
FORD,TRANSIT VAN 250 LONG WB MEDIUM ROOF,13,598,207,256,375,2375,82,345,66,105,163,102,120,173,174,51/49,2020,van
FORD,TRANSIT VAN 250 REGULAR WB LOW ROOF,13,559,207,212,330,2261,82,300,66,105,163,102,126,173,174,51/49,2020,van
FORD,TRANSIT VAN 250 REGULAR WB MEDIUM ROOF,13,553,207,256,330,2320,82,300,66,105,163,102,120,173,174,51/49,2020,van
FORD,TRANSIT VAN 350 LONG WB EL HIGH ROOF,13,670,207,278,375,2608,82,417,66,105,163,102,193,173,174,51/49,2020,van
FORD,TRANSIT VAN 350 LONG WB HIGH ROOF,13,598,207,280,375,2418,82,345,66,105,163,102,120,173,174,51/49,2020,van
FORD,TRANSIT VAN 350 LONG WB LOW ROOF,13,604,207,211,375,2307,82,345,66,105,163,102,126,173,174,51/49,2020,van
FORD,TRANSIT VAN 350 LONG WB MEDIUM ROOF,13,598,207,256,375,2375,82,345,66,105,163,102,120,173,174,51/49,2020,van
FORD,TRANSIT VAN 350HD DRW EL HIGH ROOF,13,670,213,278,375,2751,82,417,66,105,163,102,193,173,167,51/49,2020,van
GMC,2500 SAVANA CARGO VAN LWB,3,620,202,208,394,2497,91,342,54,99,146,101,124,173,172,53/47,2020,van
GMC,2500 SAVANA CARGO VAN SWB,3,569,202,207,343,2400,91,291,54,99,146,101,124,173,172,53/47,2020,van
GMC,2500 SAVANA PASSENGER VAN SWB,3,569,202,207,343,2664,91,291,54,99,146,101,124,173,172,53/47,2020,van
GMC,3500 SAVANA CARGO VAN LWB,3,620,202,208,394,2525,91,342,54,99,146,101,124,173,172,53/47,2020,van
GMC,3500 SAVANA CARGO VAN SWB,3,569,202,207,343,2361,91,291,54,99,146,101,124,173,172,53/47,2020,van
GMC,3500 SAVANA PASSENGER VAN LWB,3,620,202,208,394,2906,91,342,54,99,146,101,124,173,172,53/47,2020,van
GMC,3500 SAVANA PASSENGER VAN SWB,3,569,202,207,343,2761,91,291,54,99,146,101,124,173,172,53/47,2020,van
HONDA,ODYSSEY EX-L/TOURING,17,518,198,172,300,2046,102,223,38,92,130,95,123,172,171,55/45,2020,van
HONDA,ODYSSEY LX/EX,17,518,198,172,300,2004,102,223,38,92,130,95,123,172,171,55/45,2020,van
KIA,SEDONA L 5DR VAN FWD,15,512,199,174,306,2005,107,225,44,94,114,97,111,174,175,57/43,2020,van
KIA,SEDONA LX/SX 5DR VAN FWD,15,512,199,174,306,2079,107,225,44,94,114,97,111,174,175,57/43,2020,van
KIA,SEDONA SXL 5DR VAN FWD,15,512,199,174,306,2150,107,225,44,94,114,97,111,174,175,57/43,2020,van
MERCEDES-BENZ,METRIS CARGO VAN,16,514,193,189,320,1915,96,246,56,92,137,90,104,166,165,N/A,2020,van
MERCEDES-BENZ,METRIS PASSENGER VAN,16,514,193,191,320,2200,96,246,56,92,137,90,104,166,165,N/A,2020,van
NISSAN,NV200 S/SV VAN,13,473,173,187,293,1479,100,208,48,98,126,95,84,153,152,61/39,2020,van
NISSAN,NV3500 PASSENGER VAN STANDARD ROOF S V6/S V8/,11,611,203,213,371,3068,146,312,58,104,168,105,133,175,175,N/A,2020,van
NISSAN,NV3500 PASSENGER VAN STANDARD ROOF SV V8/SL V,11,611,203,213,371,3143,146,312,58,104,168,105,133,175,175,N/A,2020,van
RAM TRUCKS,PROMASTER 1500 HIGH ROOF 136 IN. WB CARGO VAN,14,541,205,252,345,2175,72,316,66,101,190,95,101,181,179,N/A,2020,van
RAM TRUCKS,PROMASTER 1500 LOW ROOF 118 IN. WB CARGO VAN,14,496,205,225,300,2072,72,271,66,101,190,95,101,181,179,N/A,2020,van
RAM TRUCKS,PROMASTER 1500 LOW ROOF 136 IN. WB CARGO VAN,14,541,205,225,345,2119,72,316,66,101,190,95,101,181,179,N/A,2020,van
RAM TRUCKS,PROMASTER 2500 159 IN. WB WINDOWED VAN,14,600,205,252,404,2253,72,375,66,101,190,95,101,181,179,N/A,2020,van
RAM TRUCKS,PROMASTER 2500 HIGH ROOF 136 IN. WB CARGO VAN,14,541,205,252,345,2167,72,316,66,101,190,95,101,181,179,N/A,2020,van
RAM TRUCKS,PROMASTER 2500 HIGH ROOF 159 IN. WB CARGO VAN,14,600,205,252,404,2225,72,375,66,101,190,95,101,181,179,N/A,2020,van
RAM TRUCKS,PROMASTER 2500 LOW ROOF 136 IN. WB CARGO VAN,14,541,205,225,345,2111,72,316,66,101,190,95,101,181,179,N/A,2020,van
RAM TRUCKS,PROMASTER 3500 159 IN. WB EXT WINDOWED VAN,14,636,205,252,404,2300,72,411,66,101,190,95,137,181,179,N/A,2020,van
RAM TRUCKS,PROMASTER 3500 HIGH ROOF 136 IN. WB CARGO VAN,14,541,205,225,345,2168,72,316,66,101,190,95,101,181,179,N/A,2020,van
RAM TRUCKS,PROMASTER 3500 HIGH ROOF 159 IN. WB CARGO VAN,14,600,205,252,404,2328,72,375,66,101,190,95,101,181,179,N/A,2020,van
RAM TRUCKS,PROMASTER 3500 HIGH ROOF 159 IN. WB EXT CARGO VAN,14,636,205,252,404,2281,72,411,66,101,190,95,137,181,179,N/A,2020,van
RAM TRUCKS,PROMASTER 3500 LOW ROOF 136 IN. WB CARGO VAN,14,541,205,252,345,2122,72,316,66,101,190,95,101,181,179,N/A,2020,van
RAM TRUCKS,PROMASTER CITY CARGO VAN,15,477,183,188,308,1610,108,215,50,87,133,92,77,151,153,N/A,2020,van
RAM TRUCKS,PROMASTER CITY WAGON,15,477,183,188,308,1678,108,215,50,87,133,92,77,151,153,N/A,2020,van
RAM TRUCKS,RAM CARGO VAN BASE,8,514,200,175,308,1882,102,219,47,89,135,96,111,166,165,56/44,2020,van
TOYOTA,SIENNA AWD V6,10,508,198,181,303,2115,102,223,45,89,126,95,110,172,172,56/44,2020,van
TOYOTA,SIENNA BASE/LE FWD,10,508,198,180,303,2010,102,223,45,89,126,95,110,172,172,57/43,2020,van
TOYOTA,SIENNA SE/LIMITED FWD,10,508,198,180,303,2090,102,223,45,89,126,95,110,172,172,57/43,2020,van
CHEVROLET,2500 EXPRESS CARGO VAN LWB,3,620,202,208,394,2497,91,342,54,99,146,101,124,173,172,53/47,2021,van
CHEVROLET,2500 EXPRESS CARGO VAN SWB,3,569,202,207,343,2400,91,291,54,99,146,101,124,173,172,53/47,2021,van
CHEVROLET,2500 EXPRESS PASSENGER VAN SWB,3,569,202,207,343,2664,91,291,54,99,146,101,124,173,172,53/47,2021,van
CHEVROLET,3500 EXPRESS CARGO VAN LWB,3,620,202,208,394,2525,91,342,54,99,146,101,124,173,172,53/47,2021,van
CHEVROLET,3500 EXPRESS CARGO VAN SWB,3,569,202,207,343,2361,91,291,54,99,146,101,124,173,172,53/47,2021,van
CHEVROLET,3500 EXPRESS PASSENGER VAN LWB,3,620,202,208,394,2906,91,342,54,99,146,101,124,173,172,53/47,2021,van
CHEVROLET,3500 EXPRESS PASSENGER VAN SWB,3,569,202,207,343,2761,91,291,54,99,146,101,124,173,172,53/47,2021,van
CHEVROLET,CITY EXPRESS VAN,14,473,173,187,293,1475,100,208,48,98,126,95,84,152,152,52/48,2021,van
CHRYSLER,GRAND CARAVAN / VOYAGER 4DR MINIVAN,21,518,202,178,309,1964,113,231,44,97,130,96,113,174,174,55/45,2021,van
CHRYSLER,PACIFICA 4DR MINIVAN AWD,21,519,202,178,309,2215,114,231,44,97,130,97,113,174,174,55/45,2021,van
CHRYSLER,PACIFICA 4DR MINIVAN FWD,21,519,202,178,309,2051,114,231,44,97,130,97,113,174,174,55/45,2021,van
CHRYSLER,PACIFICA HYBRID 4DR MINIVAN,21,519,202,178,309,2242,114,231,44,97,130,97,113,174,174,56/44,2021,van
FORD,TRANSIT CONNECT VAN XL/XLT,13,481,184,179,306,1624,90,217,49,86,119,87,88,156,158,55/45,2021,van
FORD,TRANSIT CONNECT WAGON XL/XLT/TITANIUM,13,481,184,179,306,1804,90,217,49,86,119,87,88,156,158,55/45,2021,van
FORD,TRANSIT VAN 150 LONG WB LOW ROOF,13,604,207,211,375,2307,82,345,66,105,163,102,126,173,174,51/49,2021,van
FORD,TRANSIT VAN 150 LONG WB MEDIUM ROOF,13,598,207,256,375,2375,82,345,66,105,163,102,120,173,174,51/49,2021,van
FORD,TRANSIT VAN 150 REGULAR WB LOW ROOF,13,559,207,212,330,2261,82,300,66,105,163,102,126,173,174,51/49,2021,van
FORD,TRANSIT VAN 150 REGULAR WB MEDIUM ROOF,13,553,207,256,330,2320,82,300,66,105,163,102,120,173,174,51/49,2021,van
FORD,TRANSIT VAN 250 LONG WB EL HIGH ROOF,13,670,207,278,375,2510,82,417,66,105,163,102,193,173,174,51/49,2021,van
FORD,TRANSIT VAN 250 LONG WB HIGH ROOF,13,598,207,280,375,2418,82,345,66,105,163,102,120,173,174,51/49,2021,van
FORD,TRANSIT VAN 250 LONG WB LOW ROOF,13,604,207,211,375,2307,82,345,66,105,163,102,126,173,174,51/49,2021,van
FORD,TRANSIT VAN 250 LONG WB MEDIUM ROOF,13,598,207,256,375,2375,82,345,66,105,163,102,120,173,174,51/49,2021,van
FORD,TRANSIT VAN 250 REGULAR WB LOW ROOF,13,559,207,212,330,2261,82,300,66,105,163,102,126,173,174,51/49,2021,van
FORD,TRANSIT VAN 250 REGULAR WB MEDIUM ROOF,13,553,207,256,330,2320,82,300,66,105,163,102,120,173,174,51/49,2021,van
FORD,TRANSIT VAN 350 LONG WB EL HIGH ROOF,13,670,207,278,375,2608,82,417,66,105,163,102,193,173,174,51/49,2021,van
FORD,TRANSIT VAN 350 LONG WB HIGH ROOF,13,598,207,280,375,2418,82,345,66,105,163,102,120,173,174,51/49,2021,van
FORD,TRANSIT VAN 350 LONG WB LOW ROOF,13,604,207,211,375,2307,82,345,66,105,163,102,126,173,174,51/49,2021,van
FORD,TRANSIT VAN 350 LONG WB MEDIUM ROOF,13,598,207,256,375,2375,82,345,66,105,163,102,120,173,174,51/49,2021,van
FORD,TRANSIT VAN 350HD DRW EL HIGH ROOF,13,670,213,278,375,2751,82,417,66,105,163,102,193,173,167,51/49,2021,van
GMC,2500 SAVANA CARGO VAN LWB,3,620,202,208,394,2497,91,342,54,99,146,101,124,173,172,53/47,2021,van
GMC,2500 SAVANA CARGO VAN SWB,3,569,202,207,343,2400,91,291,54,99,146,101,124,173,172,53/47,2021,van
GMC,2500 SAVANA PASSENGER VAN SWB,3,569,202,207,343,2664,91,291,54,99,146,101,124,173,172,53/47,2021,van
GMC,3500 SAVANA CARGO VAN LWB,3,620,202,208,394,2525,91,342,54,99,146,101,124,173,172,53/47,2021,van
GMC,3500 SAVANA CARGO VAN SWB,3,569,202,207,343,2361,91,291,54,99,146,101,124,173,172,53/47,2021,van
GMC,3500 SAVANA PASSENGER VAN LWB,3,620,202,208,394,2906,91,342,54,99,146,101,124,173,172,53/47,2021,van
GMC,3500 SAVANA PASSENGER VAN SWB,3,569,202,207,343,2761,91,291,54,99,146,101,124,173,172,53/47,2021,van
HONDA,ODYSSEY MINIVAN,21,521,200,173,300,2063,106,223,38,92,130,99,123,170,171,55/45,2021,van
KIA,SEDONA L 5DR VAN FWD,15,512,199,174,306,2005,107,225,44,94,114,97,111,174,175,57/43,2021,van
KIA,SEDONA LX/SX 5DR VAN FWD,15,512,199,174,306,2079,107,225,44,94,114,97,111,174,175,57/43,2021,van
KIA,SEDONA SXL 5DR VAN FWD,15,512,199,174,306,2150,107,225,44,94,114,97,111,174,175,57/43,2021,van
MERCEDES-BENZ,METRIS CARGO VAN,16,514,193,189,320,1915,96,246,56,92,137,90,104,166,165,N/A,2021,van
MERCEDES-BENZ,METRIS PASSENGER VAN,16,514,193,191,320,2200,96,246,56,92,137,90,104,166,165,N/A,2021,van
NISSAN,NV200 S/SV VAN,13,473,173,187,293,1479,100,208,48,98,126,95,84,153,152,61/39,2021,van
NISSAN,NV3500 PASSENGER VAN STANDARD ROOF S V6/S V8/,11,611,203,213,371,3068,146,312,58,104,168,105,133,175,175,N/A,2021,van
NISSAN,NV3500 PASSENGER VAN STANDARD ROOF SV V8/SL V,11,611,203,213,371,3143,146,312,58,104,168,105,133,175,175,N/A,2021,van
RAM TRUCKS,PROMASTER 1500 HIGH ROOF 136 IN. WB CARGO VAN,14,541,205,252,345,2175,72,316,66,101,190,95,101,181,179,N/A,2021,van
RAM TRUCKS,PROMASTER 1500 LOW ROOF 118 IN. WB CARGO VAN,14,496,205,225,300,2072,72,271,66,101,190,95,101,181,179,N/A,2021,van
RAM TRUCKS,PROMASTER 1500 LOW ROOF 136 IN. WB CARGO VAN,14,541,205,225,345,2119,72,316,66,101,190,95,101,181,179,N/A,2021,van
RAM TRUCKS,PROMASTER 2500 159 IN. WB WINDOWED VAN,14,600,205,252,404,2253,72,375,66,101,190,95,101,181,179,N/A,2021,van
RAM TRUCKS,PROMASTER 2500 HIGH ROOF 136 IN. WB CARGO VAN,14,541,205,252,345,2167,72,316,66,101,190,95,101,181,179,N/A,2021,van
RAM TRUCKS,PROMASTER 2500 HIGH ROOF 159 IN. WB CARGO VAN,14,600,205,252,404,2225,72,375,66,101,190,95,101,181,179,N/A,2021,van
RAM TRUCKS,PROMASTER 2500 LOW ROOF 136 IN. WB CARGO VAN,14,541,205,225,345,2111,72,316,66,101,190,95,101,181,179,N/A,2021,van
RAM TRUCKS,PROMASTER 3500 159 IN. WB EXT WINDOWED VAN,14,636,205,252,404,2300,72,411,66,101,190,95,137,181,179,N/A,2021,van
RAM TRUCKS,PROMASTER 3500 HIGH ROOF 136 IN. WB CARGO VAN,14,541,205,225,345,2168,72,316,66,101,190,95,101,181,179,N/A,2021,van
RAM TRUCKS,PROMASTER 3500 HIGH ROOF 159 IN. WB CARGO VAN,14,600,205,252,404,2328,72,375,66,101,190,95,101,181,179,N/A,2021,van
RAM TRUCKS,PROMASTER 3500 HIGH ROOF 159 IN. WB EXT CARGO VAN,14,636,205,252,404,2281,72,411,66,101,190,95,137,181,179,N/A,2021,van
RAM TRUCKS,PROMASTER 3500 LOW ROOF 136 IN. WB CARGO VAN,14,541,205,252,345,2122,72,316,66,101,190,95,101,181,179,N/A,2021,van
RAM TRUCKS,PROMASTER CITY CARGO VAN,15,477,183,188,308,1610,108,215,50,87,133,92,77,151,153,N/A,2021,van
RAM TRUCKS,PROMASTER CITY WAGON,15,477,183,188,308,1678,108,215,50,87,133,92,77,151,153,N/A,2021,van
RAM TRUCKS,RAM CARGO VAN BASE,8,514,200,175,308,1882,102,219,47,89,135,96,111,166,165,56/44,2021,van
TOYOTA,SIENNA MINIVAN AWD,21,517,199,177,306,2150,107,233,46,96,116,93,119,172,174,N/A,2021,van
TOYOTA,SIENNA MINIVAN FWD,21,517,199,177,306,2096,107,233,46,96,116,93,119,172,174,55/45,2021,van
CHEVROLET,2500 EXPRESS CARGO VAN LWB,3,620,202,208,394,2497,91,342,54,99,146,101,124,173,172,53/47,2022,van
CHEVROLET,2500 EXPRESS CARGO VAN SWB,3,569,202,207,343,2400,91,291,54,99,146,101,124,173,172,53/47,2022,van
CHEVROLET,2500 EXPRESS PASSENGER VAN SWB,3,569,202,207,343,2664,91,291,54,99,146,101,124,173,172,53/47,2022,van
CHEVROLET,3500 EXPRESS CARGO VAN LWB,3,620,202,208,394,2525,91,342,54,99,146,101,124,173,172,53/47,2022,van
CHEVROLET,3500 EXPRESS CARGO VAN SWB,3,569,202,207,343,2361,91,291,54,99,146,101,124,173,172,53/47,2022,van
CHEVROLET,3500 EXPRESS PASSENGER VAN LWB,3,620,202,208,394,2906,91,342,54,99,146,101,124,173,172,53/47,2022,van
CHEVROLET,3500 EXPRESS PASSENGER VAN SWB,3,569,202,207,343,2761,91,291,54,99,146,101,124,173,172,53/47,2022,van
CHEVROLET,CITY EXPRESS VAN,14,473,173,187,293,1475,100,208,48,98,126,95,84,152,152,52/48,2022,van
CHRYSLER,GRAND CARAVAN / VOYAGER 4DR MINIVAN,21,518,202,178,309,1964,113,231,44,97,130,96,113,174,174,55/45,2022,van
CHRYSLER,PACIFICA 4DR MINIVAN AWD,21,519,202,178,309,2215,114,231,44,97,130,97,113,174,174,55/45,2022,van
CHRYSLER,PACIFICA 4DR MINIVAN FWD,21,519,202,178,309,2051,114,231,44,97,130,97,113,174,174,55/45,2022,van
CHRYSLER,PACIFICA HYBRID 4DR MINIVAN,21,519,202,178,309,2242,114,231,44,97,130,97,113,174,174,56/44,2022,van
FORD,TRANSIT CONNECT VAN XL/XLT,13,481,184,179,306,1624,90,217,49,86,119,87,88,156,158,55/45,2022,van
FORD,TRANSIT CONNECT WAGON XL/XLT/TITANIUM,13,481,184,179,306,1804,90,217,49,86,119,87,88,156,158,55/45,2022,van
FORD,TRANSIT VAN 150 LONG WB LOW ROOF,13,604,207,211,375,2307,82,345,66,105,163,102,126,173,174,51/49,2022,van
FORD,TRANSIT VAN 150 LONG WB MEDIUM ROOF,13,598,207,256,375,2375,82,345,66,105,163,102,120,173,174,51/49,2022,van
FORD,TRANSIT VAN 150 REGULAR WB LOW ROOF,13,559,207,212,330,2261,82,300,66,105,163,102,126,173,174,51/49,2022,van
FORD,TRANSIT VAN 150 REGULAR WB MEDIUM ROOF,13,553,207,256,330,2320,82,300,66,105,163,102,120,173,174,51/49,2022,van
FORD,TRANSIT VAN 250 LONG WB EL HIGH ROOF,13,670,207,278,375,2510,82,417,66,105,163,102,193,173,174,51/49,2022,van
FORD,TRANSIT VAN 250 LONG WB HIGH ROOF,13,598,207,280,375,2418,82,345,66,105,163,102,120,173,174,51/49,2022,van
FORD,TRANSIT VAN 250 LONG WB LOW ROOF,13,604,207,211,375,2307,82,345,66,105,163,102,126,173,174,51/49,2022,van
FORD,TRANSIT VAN 250 LONG WB MEDIUM ROOF,13,598,207,256,375,2375,82,345,66,105,163,102,120,173,174,51/49,2022,van
FORD,TRANSIT VAN 250 REGULAR WB LOW ROOF,13,559,207,212,330,2261,82,300,66,105,163,102,126,173,174,51/49,2022,van
FORD,TRANSIT VAN 250 REGULAR WB MEDIUM ROOF,13,553,207,256,330,2320,82,300,66,105,163,102,120,173,174,51/49,2022,van
FORD,TRANSIT VAN 350 LONG WB EL HIGH ROOF,13,670,207,278,375,2608,82,417,66,105,163,102,193,173,174,51/49,2022,van
FORD,TRANSIT VAN 350 LONG WB HIGH ROOF,13,598,207,280,375,2418,82,345,66,105,163,102,120,173,174,51/49,2022,van
FORD,TRANSIT VAN 350 LONG WB LOW ROOF,13,604,207,211,375,2307,82,345,66,105,163,102,126,173,174,51/49,2022,van
FORD,TRANSIT VAN 350 LONG WB MEDIUM ROOF,13,598,207,256,375,2375,82,345,66,105,163,102,120,173,174,51/49,2022,van
FORD,TRANSIT VAN 350HD DRW EL HIGH ROOF,13,670,213,278,375,2751,82,417,66,105,163,102,193,173,167,51/49,2022,van
GMC,2500 SAVANA CARGO VAN LWB,3,620,202,208,394,2497,91,342,54,99,146,101,124,173,172,53/47,2022,van
GMC,2500 SAVANA CARGO VAN SWB,3,569,202,207,343,2400,91,291,54,99,146,101,124,173,172,53/47,2022,van
GMC,2500 SAVANA PASSENGER VAN SWB,3,569,202,207,343,2664,91,291,54,99,146,101,124,173,172,53/47,2022,van
GMC,3500 SAVANA CARGO VAN LWB,3,620,202,208,394,2525,91,342,54,99,146,101,124,173,172,53/47,2022,van
GMC,3500 SAVANA CARGO VAN SWB,3,569,202,207,343,2361,91,291,54,99,146,101,124,173,172,53/47,2022,van
GMC,3500 SAVANA PASSENGER VAN LWB,3,620,202,208,394,2906,91,342,54,99,146,101,124,173,172,53/47,2022,van
GMC,3500 SAVANA PASSENGER VAN SWB,3,569,202,207,343,2761,91,291,54,99,146,101,124,173,172,53/47,2022,van
HONDA,ODYSSEY MINIVAN,21,521,200,173,300,2063,106,223,38,92,130,99,123,170,171,55/45,2022,van
KIA,CARNIVAL MINIVAN,22,515,199,174,309,2039,94,227,42,94,114,94,113,175,175,55/45,2022,van
MERCEDES-BENZ,METRIS CARGO VAN,16,514,193,189,320,1915,96,246,56,92,137,90,104,166,165,N/A,2022,van
MERCEDES-BENZ,METRIS PASSENGER VAN,16,514,193,191,320,2200,96,246,56,92,137,90,104,166,165,N/A,2022,van
NISSAN,NV200 S/SV VAN,13,473,173,187,293,1479,100,208,48,98,126,95,84,153,152,61/39,2022,van
NISSAN,NV3500 PASSENGER VAN STANDARD ROOF S V6/S V8/,11,611,203,213,371,3068,146,312,58,104,168,105,133,175,175,N/A,2022,van
NISSAN,NV3500 PASSENGER VAN STANDARD ROOF SV V8/SL V,11,611,203,213,371,3143,146,312,58,104,168,105,133,175,175,N/A,2022,van
RAM TRUCKS,PROMASTER 1500 HIGH ROOF 136 IN. WB CARGO VAN,14,541,205,252,345,2175,72,316,66,101,190,95,101,181,179,N/A,2022,van
RAM TRUCKS,PROMASTER 1500 LOW ROOF 118 IN. WB CARGO VAN,14,496,205,225,300,2072,72,271,66,101,190,95,101,181,179,N/A,2022,van
RAM TRUCKS,PROMASTER 1500 LOW ROOF 136 IN. WB CARGO VAN,14,541,205,225,345,2119,72,316,66,101,190,95,101,181,179,N/A,2022,van
RAM TRUCKS,PROMASTER 2500 159 IN. WB WINDOWED VAN,14,600,205,252,404,2253,72,375,66,101,190,95,101,181,179,N/A,2022,van
RAM TRUCKS,PROMASTER 2500 HIGH ROOF 136 IN. WB CARGO VAN,14,541,205,252,345,2167,72,316,66,101,190,95,101,181,179,N/A,2022,van
RAM TRUCKS,PROMASTER 2500 HIGH ROOF 159 IN. WB CARGO VAN,14,600,205,252,404,2225,72,375,66,101,190,95,101,181,179,N/A,2022,van
RAM TRUCKS,PROMASTER 2500 LOW ROOF 136 IN. WB CARGO VAN,14,541,205,225,345,2111,72,316,66,101,190,95,101,181,179,N/A,2022,van
RAM TRUCKS,PROMASTER 3500 159 IN. WB EXT WINDOWED VAN,14,636,205,252,404,2300,72,411,66,101,190,95,137,181,179,N/A,2022,van
RAM TRUCKS,PROMASTER 3500 HIGH ROOF 136 IN. WB CARGO VAN,14,541,205,225,345,2168,72,316,66,101,190,95,101,181,179,N/A,2022,van
RAM TRUCKS,PROMASTER 3500 HIGH ROOF 159 IN. WB CARGO VAN,14,600,205,252,404,2328,72,375,66,101,190,95,101,181,179,N/A,2022,van
RAM TRUCKS,PROMASTER 3500 HIGH ROOF 159 IN. WB EXT CARGO VAN,14,636,205,252,404,2281,72,411,66,101,190,95,137,181,179,N/A,2022,van
RAM TRUCKS,PROMASTER 3500 LOW ROOF 136 IN. WB CARGO VAN,14,541,205,252,345,2122,72,316,66,101,190,95,101,181,179,N/A,2022,van
RAM TRUCKS,PROMASTER CITY CARGO VAN,15,477,183,188,308,1610,108,215,50,87,133,92,77,151,153,N/A,2022,van
RAM TRUCKS,PROMASTER CITY WAGON,15,477,183,188,308,1678,108,215,50,87,133,92,77,151,153,N/A,2022,van
RAM TRUCKS,RAM CARGO VAN BASE,8,514,200,175,308,1882,102,219,47,89,135,96,111,166,165,56/44,2022,van
TOYOTA,SIENNA MINIVAN AWD,21,517,199,177,306,2150,107,233,46,96,116,93,119,172,174,N/A,2022,van
TOYOTA,SIENNA MINIVAN FWD,21,517,199,177,306,2096,107,233,46,96,116,93,119,172,174,55/45,2022,van
KIA,CARNIVAL MINIVAN,22,515,199,174,309,109,94,227,42,94,114,94,113,175,175,55/45,2023,van
